symbol,name,entry_date,T0,peak_date,entry_close,T0_close,peak_close,return_pct,T0_volume,avg_volume_20d,vol_ratio
4950.TWO,金耘國際,2025-10-21,2025-11-19,2025-11-11,10.45,21.75,26.3,151.67,272600,54397,5.01
3576.TW,聯合再生,2026-01-27,2026-02-06,2026-03-03,11.1,15.9,26.7,140.54,141406691,20950125,6.75
3685.TWO,元創精密,2025-08-14,2025-08-20,2025-09-11,11.5,13.4,26.7,132.17,514000,34000,15.12
6715.TW,嘉基,2026-02-06,2026-02-25,2026-03-18,146.0,175.5,330.0,126.03,1104074,340137,3.25
6265.TWO,方土昶,2025-12-26,2026-01-02,2026-01-22,24.2,33.45,53.5,121.07,67153454,12765784,5.26
4973.TWO,廣穎電通,2026-02-06,2026-03-12,2026-03-18,41.75,61.1,89.3,113.89,20371529,6458151,3.15
6217.TWO,中探針,2026-03-10,2026-04-07,2026-04-09,103.0,200.0,215.0,108.74,31445525,10261062,3.06
4304.TWO,勝昱,2025-10-29,2025-10-31,2025-11-10,14.95,18.0,31.0,107.36,470751,115632,4.07
6147.TWO,頎邦,2026-03-25,2026-04-02,2026-04-24,70.8,84.0,145.0,104.8,72550177,16417982,4.42
2231.TW,為升,2025-08-14,2025-08-18,2025-09-10,72.6,86.5,147.5,103.17,3483599,337786,10.31
7810.TWO,捷創科技,2025-12-08,2025-12-23,2026-01-02,168.0,201.0,338.0,101.19,1774100,50793,34.93
2485.TW,兆赫,2026-02-23,2026-03-10,2026-03-19,40.4,50.3,80.1,98.27,141648532,45721940,3.1
7772.TWO,耀穎,2026-04-17,2026-04-20,2026-04-21,161.5,298.0,318.5,97.21,2724112,722359,3.77
3167.TW,大量,2026-03-10,2026-03-16,2026-04-09,294.0,367.0,576.0,95.92,15706848,5096942,3.08
3339.TWO,泰谷,2026-03-31,2026-04-09,2026-04-21,36.6,46.9,71.4,95.08,16121918,5068335,3.18
2489.TW,瑞軒,2026-01-28,2026-02-11,2026-03-06,22.4,27.1,43.65,94.87,95348601,22842820,4.17
7822.TW,倍利科,2026-01-20,2026-02-26,2026-02-24,928.0,1500.0,1740.0,87.5,1874486,582250,3.22
3219.TWO,倚強科,2025-08-14,2025-08-18,2025-09-10,58.9,70.5,109.5,85.91,6066681,990984,6.12
6419.TWO,京晨科,2026-03-24,2026-04-02,2026-04-22,80.9,94.1,150.0,85.41,1150068,275988,4.17
6735.TWO,美達科技,2025-08-14,2025-08-27,2025-09-10,43.15,50.3,79.9,85.17,399824,26616,15.02
6727.TWO,亞泰金屬,2026-03-24,2026-04-07,2026-04-22,253.5,354.5,463.5,82.84,4791210,1559207,3.07
6753.TW,龍德造船,2025-08-14,2025-08-27,2025-09-10,111.5,147.0,203.5,82.51,17840509,1916212,9.31
3054.TW,立萬利,2026-03-09,2026-03-12,2026-03-18,49.5,65.7,90.3,82.42,1103007,325163,3.39
3048.TW,益登,2025-08-14,2025-08-29,2025-09-05,25.8,38.25,46.95,81.98,2423543,644378,3.76
6405.TW,悅城,2026-04-14,2026-04-28,2026-05-08,35.4,42.1,64.4,81.92,6786057,1300394,5.22
6443.TW,元晶,2025-12-18,2026-01-07,2026-01-14,21.6,28.4,39.2,81.48,80444918,19582380,4.11
4976.TW,佳凌,2025-08-14,2025-08-26,2025-09-04,31.75,39.75,57.5,81.1,4388083,416527,10.53
2485.TW,兆赫,2026-01-08,2026-02-05,2026-02-05,25.45,46.05,46.05,80.94,165297294,49783624,3.32
7402.TWO,邑錡,2025-08-14,2025-08-26,2025-09-08,90.9,114.5,164.0,80.42,13274187,2739983,4.84
3026.TW,禾伸堂,2026-04-07,2026-04-09,2026-05-06,152.0,183.5,273.0,79.61,18548570,5153443,3.6
4722.TW,國精化,2025-08-14,2025-08-20,2025-08-28,83.6,117.5,150.0,79.43,19985353,3991841,5.01
6418.TWO,詠昇,2025-08-14,2025-08-18,2025-09-08,29.3,35.0,51.8,76.79,9586021,571469,16.77
6640.TWO,均華,2026-02-26,2026-03-27,2026-03-27,806.0,1420.0,1420.0,76.18,1678487,524572,3.2
8110.TW,華東,2025-10-28,2025-11-07,2025-11-13,23.9,28.85,42.1,76.15,166605219,47112014,3.54
3163.TWO,波若威,2026-03-09,2026-03-17,2026-04-08,651.0,881.0,1145.0,75.88,11697081,3789375,3.09
6877.TWO,鏵友益,2026-03-24,2026-04-23,2026-04-23,105.5,185.5,185.5,75.83,4916183,1031274,4.77
6535.TWO,順藥,2025-08-14,2025-09-02,2025-09-10,164.0,224.5,287.5,75.3,1712895,406924,4.21
8201.TW,無敵,2025-08-14,2025-08-20,2025-08-26,10.9,13.5,19.05,74.77,594016,28278,21.01
2413.TW,環科,2025-12-02,2025-12-15,2025-12-30,27.55,33.25,48.1,74.59,15548887,5162452,3.01
2498.TW,宏達電,2025-08-14,2025-08-19,2025-09-03,42.7,56.7,74.5,74.47,115719771,13101231,8.83
8043.TWO,蜜望實,2025-11-03,2025-11-17,2025-11-24,48.45,59.0,84.4,74.2,51451045,14123321,3.64
6735.TWO,美達科技,2026-04-20,2026-04-22,2026-04-28,83.4,100.5,145.0,73.86,592456,187339,3.16
7750.TW,新代,2026-03-26,2026-04-23,2026-04-23,1290.0,2240.0,2240.0,73.64,1463651,473890,3.09
6716.TWO,應廣,2026-02-04,2026-02-10,2026-03-03,57.6,66.6,99.8,73.26,1664001,272245,6.11
2486.TW,一詮,2026-03-30,2026-04-10,2026-04-29,146.5,185.5,253.5,73.04,32454200,10655817,3.05
3135.TW,凌航,2026-04-14,2026-05-13,2026-05-12,123.5,211.0,213.5,72.87,17155110,5687815,3.02
8210.TW,勤誠,2026-04-13,2026-05-07,2026-05-11,900.0,1290.0,1555.0,72.78,7891504,2626574,3.0
2485.TW,兆赫,2025-11-20,2025-11-27,2025-12-17,17.25,21.5,29.55,71.3,30669818,6491359,4.72
3138.TW,耀登,2025-12-30,2026-01-13,2026-01-28,109.0,145.0,186.0,70.64,10324559,1398240,7.38
2208.TW,台船,2025-08-14,2025-08-28,2025-09-11,16.8,19.85,28.6,70.24,39268286,3045410,12.89
3037.TW,欣興,2026-03-30,2026-04-13,2026-04-27,493.5,626.0,839.0,70.01,57444695,16969669,3.39
3093.TWO,港建*,2026-03-16,2026-04-10,2026-04-15,44.6,63.6,75.6,69.51,9885105,2235770,4.42
6683.TWO,雍智科技,2026-02-06,2026-03-13,2026-03-18,708.0,1130.0,1200.0,69.49,5474401,1469872,3.72
4577.TWO,達航科技,2026-01-28,2026-02-26,2026-03-02,56.2,86.4,95.0,69.04,6755115,2250266,3.0
6451.TW,訊芯-KY,2026-02-11,2026-03-16,2026-03-23,166.0,237.0,280.5,68.98,12365301,3777962,3.27
1711.TW,永光,2026-03-10,2026-03-18,2026-03-19,25.65,39.35,43.25,68.62,116857564,32837441,3.56
6584.TWO,南俊國際,2026-03-18,2026-03-24,2026-04-14,415.0,540.0,698.0,68.19,4510607,1423405,3.17
2467.TW,志聖,2026-03-23,2026-03-26,2026-04-22,355.5,414.0,597.0,67.93,9190316,2851915,3.22
1504.TW,東元,2025-08-14,2025-08-22,2025-09-11,55.7,67.5,93.1,67.15,166957108,15971360,10.45
3714.TW,富采,2026-03-24,2026-04-02,2026-04-17,46.65,54.2,77.9,66.99,45146475,14346065,3.15
7751.TWO,竑騰,2026-03-27,2026-04-24,2026-04-28,1630.0,2405.0,2715.0,66.56,1038278,342768,3.03
3049.TW,精金,2026-01-28,2026-03-04,2026-03-06,8.85,12.3,14.7,66.1,47557495,14753510,3.22
4958.TW,臻鼎-KY,2026-03-24,2026-04-23,2026-04-23,197.0,325.0,325.0,64.97,111005718,25836019,4.3
2367.TW,燿華,2026-01-19,2026-01-27,2026-02-24,37.1,50.1,61.2,64.96,267925012,64175591,4.17
2451.TW,創見,2025-10-23,2025-11-12,2025-11-13,131.0,196.5,216.0,64.89,15829455,4282916,3.7
6789.TW,采鈺,2026-03-24,2026-04-23,2026-04-23,314.0,515.0,515.0,64.01,25227078,6513683,3.87
6683.TWO,雍智科技,2026-03-25,2026-03-30,2026-04-20,1180.0,1520.0,1935.0,63.98,3371196,715036,4.71
4722.TW,國精化,2025-09-04,2025-09-23,2025-10-03,131.0,166.0,214.5,63.74,20316896,6152085,3.3
1597.TW,直得,2026-04-15,2026-05-06,2026-05-13,115.5,178.0,189.0,63.64,14644394,2080392,7.04
6141.TW,柏承,2026-03-26,2026-04-20,2026-04-21,21.4,34.3,34.95,63.32,10650344,3051731,3.49
1309.TW,台達化,2026-03-16,2026-03-24,2026-04-07,16.3,20.0,26.5,62.58,47704836,8027936,5.94
4979.TWO,華星光,2026-01-26,2026-01-29,2026-03-03,286.0,334.5,464.5,62.41,68177159,21403134,3.19
6725.TWO,矽科宏晟,2026-04-01,2026-04-09,2026-04-20,252.0,310.0,409.0,62.3,2735939,681623,4.01
3630.TWO,新鉅科,2025-08-14,2025-08-19,2025-09-11,25.65,34.1,41.5,61.79,17255752,2065021,8.36
6187.TWO,萬潤,2026-03-05,2026-03-23,2026-03-27,599.0,830.0,968.0,61.6,13479998,3487588,3.87
7751.TWO,竑騰,2026-02-02,2026-02-11,2026-03-12,820.0,958.0,1325.0,61.59,1535666,482642,3.18
4768.TWO,晶呈科技,2025-08-14,2025-08-18,2025-09-10,119.5,144.0,193.0,61.51,2673749,532731,5.02
3555.TWO,博士旺,2026-03-26,2026-04-14,2026-04-20,161.5,220.5,260.5,61.3,1598329,323301,4.94
3685.TWO,元創精密,2025-09-18,2025-10-09,2025-10-21,28.5,38.6,45.75,60.53,3558063,1009803,3.52
6465.TWO,威潤,2025-12-03,2025-12-12,2025-12-16,25.65,34.0,41.1,60.23,1523933,154367,9.87
6672.TW,騰輝電子-KY,2026-03-27,2026-04-23,2026-04-24,131.5,191.5,210.5,60.08,22105179,5035648,4.39
6285.TW,啟碁,2026-03-24,2026-04-08,2026-04-16,167.0,216.5,267.0,59.88,66562514,21785954,3.06
3006.TW,晶豪科,2026-04-16,2026-05-07,2026-05-15,157.0,196.5,251.0,59.87,49288301,14909158,3.31
7711.TW,永擎,2026-03-30,2026-04-23,2026-04-28,270.5,372.0,432.0,59.7,3868223,667002,5.8
6274.TWO,台燿,2026-03-09,2026-03-19,2026-04-08,454.0,584.0,725.0,59.69,25056179,8334980,3.01
6418.TWO,詠昇,2025-09-15,2025-09-25,2025-09-30,47.35,70.2,75.6,59.66,9701063,2337359,4.15
5340.TWO,建榮,2025-12-22,2026-01-21,2026-01-21,64.0,102.0,102.0,59.38,63565130,9802633,6.48
6290.TWO,良維,2026-04-01,2026-04-24,2026-04-24,199.0,317.0,317.0,59.3,32391781,10606495,3.05
6761.TWO,穩得,2025-08-14,2025-08-18,2025-09-03,106.5,128.5,169.5,59.15,3148847,614140,5.13
3260.TWO,威剛,2025-12-02,2025-12-31,2025-12-31,176.0,279.5,279.5,58.81,57596363,16734513,3.44
6531.TW,愛普*,2026-03-24,2026-04-23,2026-04-22,501.0,785.0,792.0,58.08,26932818,6098594,4.42
7703.TWO,銳澤,2025-08-14,2025-08-18,2025-09-01,183.0,217.5,289.0,57.92,679156,209719,3.24
5536.TWO,聖暉*,2025-08-14,2025-08-19,2025-09-09,624.0,762.0,985.0,57.85,3649007,1010816,3.61
2923.TW,鼎固-KY,2026-04-07,2026-04-16,2026-04-20,17.95,27.05,28.3,57.66,431729,139467,3.1
6921.TW,嘉雨思-創,2026-03-31,2026-04-20,2026-04-21,66.0,94.8,104.0,57.58,215510,64269,3.35
3485.TWO,敘豐,2025-12-31,2026-01-02,2026-01-28,116.5,135.5,183.0,57.08,275918,80650,3.42
7714.TWO,創泓科技,2025-08-14,2025-08-27,2025-09-11,109.5,126.5,171.5,56.62,357101,72156,4.95
3709.TWO,鑫聯大投控,2025-09-09,2025-10-08,2025-10-09,40.2,57.2,62.9,56.47,9363581,2689248,3.48
6141.TW,柏承,2026-03-11,2026-03-18,2026-03-19,18.1,26.0,28.3,56.35,7840007,1651606,4.75
5521.TW,工信,2025-11-25,2025-12-12,2025-12-23,14.8,18.6,23.1,56.08,29400044,8141936,3.61
3481.TW,群創,2026-02-02,2026-03-12,2026-03-12,21.15,32.95,32.95,55.79,1686196672,443457899,3.8
2467.TW,志聖,2026-01-29,2026-03-03,2026-03-05,257.0,388.0,400.0,55.64,9555251,3057213,3.13
3305.TW,昇貿,2025-08-14,2025-08-26,2025-09-11,92.7,110.5,144.0,55.34,62943450,11664434,5.4
6152.TW,百一,2026-01-26,2026-02-06,2026-03-03,14.2,17.15,22.05,55.28,26777871,3355703,7.98
5289.TWO,宜鼎,2026-03-31,2026-04-28,2026-04-29,847.0,1305.0,1315.0,55.25,7992553,2612565,3.06
7734.TWO,印能科技,2026-03-10,2026-03-31,2026-04-09,1580.0,2150.0,2450.0,55.06,1856993,592513,3.13
8271.TW,宇瞻,2026-03-24,2026-04-23,2026-04-22,153.5,222.0,238.0,55.05,24570274,7381004,3.33
8110.TW,華東,2025-11-20,2025-12-09,2025-12-15,35.8,47.9,55.5,55.03,206292460,53481072,3.86
8064.TWO,東捷,2026-02-11,2026-03-17,2026-03-23,45.7,65.8,70.8,54.92,17905993,5387911,3.32
3430.TWO,奇鈦科,2026-03-25,2026-04-22,2026-04-23,74.9,111.5,116.0,54.87,5024018,1463073,3.43
2337.TW,旺宏,2025-12-08,2026-01-07,2026-01-07,37.25,57.6,57.6,54.63,464396791,145814497,3.18
3455.TWO,由田,2026-03-10,2026-04-09,2026-04-09,119.0,184.0,184.0,54.62,9604070,1740703,5.52
1711.TW,永光,2026-03-26,2026-04-23,2026-04-22,38.55,56.5,59.6,54.6,154275298,40647191,3.8
7772.TWO,耀穎,2026-03-11,2026-03-23,2026-04-10,83.3,100.0,128.5,54.26,871404,109546,7.95
5234.TW,達興材料,2025-08-14,2025-08-18,2025-09-05,277.0,330.0,426.5,53.97,7691423,1767307,4.35
6949.TW,沛爾生醫-創,2026-04-02,2026-04-14,2026-04-23,562.0,782.0,865.0,53.91,599104,192835,3.11
1256.TW,鮮活果汁-KY,2025-08-14,2025-09-02,2025-09-11,118.5,143.5,182.0,53.59,73144,18698,3.91
2426.TW,鼎元,2026-03-16,2026-04-14,2026-04-14,34.45,52.9,52.9,53.56,71470985,12668550,5.64
7777.TWO,能率亞洲,2025-08-15,2025-09-12,2025-09-12,15.6,23.9,23.9,53.21,4579597,355637,12.88
8074.TWO,鉅橡,2026-01-06,2026-01-12,2026-01-21,47.0,56.0,72.0,53.19,56856712,18090016,3.14
6205.TW,詮欣,2025-12-01,2025-12-24,2025-12-30,38.2,44.0,58.5,53.14,1372102,182705,7.51
4991.TWO,環宇-KY,2026-02-23,2026-03-20,2026-03-20,279.0,427.0,427.0,53.05,19561907,5640240,3.47
3105.TWO,穩懋,2026-03-16,2026-03-27,2026-04-10,303.5,382.5,464.0,52.88,60036683,19257465,3.12
6118.TWO,建達,2025-08-14,2025-08-19,2025-08-28,16.7,22.15,25.5,52.69,9222001,462720,19.93
6861.TW,睿生光電,2026-03-23,2026-04-20,2026-04-22,140.5,177.5,214.5,52.67,4532857,1123141,4.04
6510.TWO,精測,2025-11-17,2025-12-15,2025-12-15,1535.0,2340.0,2340.0,52.44,2262527,741488,3.05
5309.TWO,系統電,2025-08-14,2025-09-08,2025-09-11,49.1,64.8,74.8,52.34,75986352,22299279,3.41
2351.TW,順德,2026-04-07,2026-04-21,2026-04-22,109.0,151.0,166.0,52.29,15458746,4717675,3.28
2360.TW,致茂,2026-01-21,2026-03-02,2026-03-02,995.0,1515.0,1515.0,52.26,10372732,2851250,3.64
6788.TWO,華景電,2026-03-23,2026-03-25,2026-04-22,343.5,401.0,523.0,52.26,6824791,2160731,3.16
6547.TWO,高端疫苗,2026-02-11,2026-03-23,2026-03-23,35.8,54.5,54.5,52.23,15646947,2707645,5.78
6649.TWO,台生材,2025-08-14,2025-08-29,2025-09-11,45.0,53.5,68.5,52.22,873300,255406,3.42
3555.TWO,博士旺,2026-03-12,2026-04-09,2026-03-19,147.5,177.5,224.5,52.2,1321128,423422,3.12
5498.TWO,凱崴,2025-11-21,2025-12-16,2025-12-19,24.25,33.8,36.9,52.16,106667660,24803961,4.3
8074.TWO,鉅橡,2025-12-02,2025-12-16,2025-12-29,35.05,42.6,53.3,52.07,23365354,5469617,4.27
8155.TWO,博智,2026-03-27,2026-04-10,2026-04-27,274.0,322.0,416.5,52.01,6899863,2062828,3.34
8131.TW,福懋科,2025-12-29,2026-01-02,2026-01-26,56.2,66.7,85.3,51.78,62033938,20423394,3.04
3491.TWO,昇達科,2026-03-09,2026-03-26,2026-04-08,1180.0,1550.0,1790.0,51.69,2381095,760047,3.13
5475.TWO,德宏,2026-01-08,2026-01-20,2026-02-04,89.0,108.5,135.0,51.69,11379475,3656614,3.11
6435.TWO,大中,2026-04-16,2026-04-22,2026-05-12,164.0,189.5,248.5,51.52,2342058,766550,3.06
2243.TW,宏旭-KY,2025-08-14,2025-08-27,2025-09-02,10.3,12.1,15.6,51.46,422000,139104,3.03
6715.TW,嘉基,2026-03-31,2026-04-10,2026-04-20,309.5,439.0,468.5,51.37,3234498,1040383,3.11
2408.TW,南亞科,2025-10-22,2025-11-13,2025-11-17,110.0,163.5,166.5,51.36,359866936,118936117,3.03
4741.TWO,泓瀚,2026-04-02,2026-04-23,2026-04-23,40.7,61.5,61.5,51.11,5134997,1458058,3.52
8438.TW,昶昕,2026-03-19,2026-04-02,2026-04-10,59.1,71.2,89.3,51.1,10988684,3211027,3.42
5243.TW,乙盛-KY,2026-03-09,2026-03-30,2026-04-08,68.5,82.3,103.5,51.09,10122308,2681783,3.77
1802.TW,台玻,2025-12-22,2026-01-20,2026-01-21,35.75,50.5,54.0,51.05,419303876,138556161,3.03
3693.TWO,營邦,2026-03-09,2026-03-16,2026-03-19,386.0,489.0,583.0,51.04,7270922,2356872,3.08
6226.TW,光鼎,2026-02-06,2026-03-18,2026-03-18,8.84,13.35,13.35,51.02,3950192,1095809,3.6
2337.TW,旺宏,2025-09-25,2025-10-28,2025-10-29,25.5,36.45,38.5,50.98,197058550,60699482,3.25
1721.TW,三晃,2026-03-23,2026-04-22,2026-04-22,18.05,27.25,27.25,50.97,14548044,3052764,4.77
7556.TWO,意德士科技,2026-03-17,2026-04-16,2026-04-16,179.5,270.0,270.0,50.42,1747967,84217,20.76
8110.TW,華東,2025-09-25,2025-10-03,2025-10-20,16.9,21.25,25.35,50.0,87043923,11381070,7.65
2380.TW,虹光,2025-08-14,2025-08-18,2025-08-25,4.55,5.5,6.82,49.89,458136,101758,4.5
3645.TW,達邁,2026-04-08,2026-04-17,2026-04-20,76.4,104.5,114.5,49.87,42374084,13868260,3.06
3354.TWO,律勝,2025-12-11,2025-12-23,2025-12-29,20.8,25.0,31.15,49.76,5250131,714214,7.35
4973.TWO,廣穎電通,2026-03-27,2026-04-28,2026-04-28,61.2,91.6,91.6,49.67,20379253,5145895,3.96
3508.TWO,位速,2026-02-11,2026-03-17,2026-03-19,35.0,43.3,52.3,49.43,6382297,1490371,4.28
2342.TW,茂矽,2025-08-20,2025-09-15,2025-09-17,20.9,25.85,31.2,49.28,19916314,402160,49.52
4919.TW,新唐,2026-02-04,2026-02-25,2026-03-11,59.5,70.7,88.7,49.08,31884880,6528984,4.88
3086.TWO,華義*,2026-03-31,2026-04-23,2026-04-22,29.0,40.0,43.2,48.97,10620078,1658993,6.4
2327.TW,國巨*,2025-10-02,2025-10-23,2025-11-03,170.5,226.0,254.0,48.97,134467762,43185059,3.11
8289.TWO,泰藝,2026-02-11,2026-02-25,2026-03-03,27.2,32.05,40.5,48.9,4831248,1188724,4.06
5438.TWO,東友,2025-08-14,2025-09-03,2025-09-04,20.1,28.15,29.9,48.76,10612123,657664,16.14
6291.TWO,沛亨,2026-02-05,2026-02-11,2026-03-13,229.0,276.5,340.5,48.69,3955849,922234,4.29
5386.TWO,青雲,2026-01-09,2026-02-03,2026-02-06,82.4,114.0,122.5,48.67,13736384,2248193,6.11
8996.TW,高力,2025-09-12,2025-10-15,2025-10-15,340.5,506.0,506.0,48.6,20136713,5312621,3.79
7728.TWO,光焱科技,2025-11-05,2025-12-01,2025-12-03,299.0,367.5,444.0,48.49,522140,75394,6.93
7717.TWO,萊德光電-KY,2026-03-09,2026-03-27,2026-04-08,593.0,771.0,878.0,48.06,1306072,386224,3.38
6441.TWO,廣錠,2026-03-27,2026-04-28,2026-04-28,20.5,30.35,30.35,48.05,1552136,157726,9.84
7712.TWO,博盛半導體,2026-04-14,2026-05-13,2026-05-12,109.5,153.0,162.0,47.95,2688212,739814,3.63
2455.TW,全新,2026-01-23,2026-02-24,2026-03-03,170.0,200.0,251.5,47.94,40744499,12375601,3.29
6462.TWO,神盾,2026-03-23,2026-04-16,2026-04-22,97.1,116.5,143.5,47.79,3500211,1144831,3.06
4939.TWO,亞電,2026-03-19,2026-04-16,2026-04-20,30.75,37.45,45.25,47.15,14696182,2762091,5.32
8121.TWO,越峰,2025-08-14,2025-08-29,2025-09-08,18.65,23.45,27.4,46.92,3504879,157258,22.29
5289.TWO,宜鼎,2025-08-14,2025-08-27,2025-09-10,234.32,291.68,344.0,46.8,2104612,597948,3.52
4934.TW,太極,2025-08-22,2025-09-17,2025-09-19,10.9,13.25,16.0,46.79,3616210,521199,6.94
4764.TW,雙鍵,2026-02-03,2026-03-06,2026-03-12,111.5,144.0,163.5,46.64,8870129,2718820,3.26
5284.TW,jpp-KY,2025-08-14,2025-08-26,2025-09-03,205.0,264.5,300.5,46.59,10528438,2139777,4.92
4178.TW,永笙-KY,2025-11-21,2025-11-28,2025-12-19,21.0,25.4,30.75,46.43,978915,255327,3.83
8422.TW,可寧衛*,2026-01-08,2026-01-19,2026-01-14,35.5,45.0,51.9,46.2,500646232,82691033,6.05
6733.TWO,博晟生醫,2025-08-14,2025-08-18,2025-09-03,33.25,40.2,48.6,46.17,1183003,156479,7.56
7712.TWO,博盛半導體,2025-08-14,2025-08-18,2025-09-08,109.5,132.0,160.0,46.12,268678,14981,17.93
8096.TWO,擎亞,2026-02-06,2026-03-17,2026-03-18,61.0,81.0,89.1,46.07,60008535,16254957,3.69
8092.TWO,建暐,2026-03-23,2026-04-20,2026-04-22,12.7,15.6,18.55,46.06,1364001,91769,14.86
6449.TW,鈺邦,2025-08-14,2025-08-21,2025-08-27,127.0,158.5,185.5,46.06,6430095,905632,7.1
8114.TW,振樺電,2026-04-13,2026-05-08,2026-05-12,164.0,198.5,239.5,46.04,3175797,438693,7.24
6163.TWO,華電網,2025-11-21,2025-12-03,2025-12-15,33.25,46.7,48.5,45.86,52883067,10231082,5.17
6569.TWO,醫揚,2025-08-14,2025-08-28,2025-09-01,108.5,131.0,158.0,45.62,386552,27505,14.05
6573.TW,虹揚-KY,2025-08-14,2025-08-18,2025-08-20,8.42,10.15,12.25,45.49,163000,49680,3.28
3092.TW,鴻碩,2026-01-22,2026-03-03,2026-03-03,25.3,36.8,36.8,45.45,11701708,2302678,5.08
5314.TWO,世紀*,2025-08-14,2025-09-05,2025-09-08,80.8,107.0,117.5,45.42,59526277,13240635,4.5
1528.TW,恩德,2026-01-05,2026-01-20,2026-01-20,21.8,31.7,31.7,45.41,50472981,16295445,3.1
2460.TW,建通,2026-03-13,2026-04-14,2026-04-14,23.75,34.5,34.5,45.26,4097258,1000448,4.1
7749.TW,意騰-KY,2026-04-02,2026-05-05,2026-05-05,355.0,515.0,515.0,45.07,1060000,223844,4.74
6919.TW,康霈*,2025-08-20,2025-09-03,2025-09-08,177.5,254.5,257.5,45.07,56111920,16128272,3.48
6834.TW,天二科技,2026-04-20,2026-05-07,2026-05-19,38.0,43.75,55.1,45.0,2470010,770360,3.21
8074.TWO,鉅橡,2026-03-23,2026-04-20,2026-04-22,56.1,78.3,81.2,44.74,24553397,4424488,5.55
6456.TW,GIS-KY,2025-08-14,2025-08-26,2025-09-03,47.0,56.9,68.0,44.68,4439068,1007524,4.41
4967.TW,十銓,2025-09-08,2025-09-16,2025-10-08,75.0,88.6,108.5,44.67,42345153,1322311,32.02
4807.TW,日成-KY,2026-03-31,2026-04-27,2026-04-30,14.35,17.0,20.75,44.6,307011,81394,3.77
2337.TW,旺宏,2026-03-31,2026-04-29,2026-04-29,115.5,167.0,167.0,44.59,353235350,107847712,3.28
6415.TW,矽力*-KY,2026-03-23,2026-04-21,2026-04-22,278.5,394.0,402.5,44.52,19790925,6286630,3.15
6257.TW,矽格,2026-03-09,2026-03-31,2026-04-08,118.0,149.5,170.5,44.49,43137261,9895124,4.36
3260.TWO,威剛,2026-03-31,2026-04-28,2026-04-28,335.0,484.0,484.0,44.48,59020990,19440950,3.04
8444.TWO,綠河-KY,2025-11-18,2025-12-16,2025-12-16,9.9,14.3,14.3,44.44,400716,47957,8.36
6016.TWO,康和證,2026-04-13,2026-05-12,2026-05-11,16.65,24.0,24.05,44.44,16166961,5305974,3.05
3555.TWO,博士旺,2025-11-17,2025-12-08,2025-12-15,63.9,78.6,92.2,44.29,801765,212607,3.77
3535.TW,晶彩科,2025-08-14,2025-08-25,2025-09-11,55.1,74.3,79.5,44.28,47626807,8146722,5.85
6949.TW,沛爾生醫-創,2025-08-18,2025-08-26,2025-09-08,341.0,394.0,492.0,44.28,1024000,321322,3.19
7728.TWO,光焱科技,2026-01-14,2026-02-02,2026-02-04,622.0,742.0,897.0,44.21,645321,172233,3.75
2455.TW,全新,2026-03-10,2026-03-26,2026-04-08,201.5,272.0,290.5,44.17,59315486,16381225,3.62
2369.TW,菱生,2026-02-10,2026-03-20,2026-03-20,24.8,35.75,35.75,44.15,103861838,22825830,4.55
5864.TWO,致和證,2026-04-08,2026-05-07,2026-05-07,23.8,34.3,34.3,44.12,10146437,3174825,3.2
6669.TW,緯穎,2026-03-27,2026-04-27,2026-04-27,3395.0,4890.0,4890.0,44.04,5331715,1760048,3.03
8046.TW,南電,2025-09-09,2025-10-09,2025-10-09,184.0,265.0,265.0,44.02,68375872,22054703,3.1
4967.TW,十銓,2025-12-08,2025-12-24,2026-01-06,141.0,162.5,203.0,43.97,37875050,12287341,3.08
3264.TWO,欣銓,2025-12-02,2025-12-26,2025-12-31,86.5,102.0,124.5,43.93,34500812,7144769,4.83
6465.TWO,威潤,2026-02-09,2026-03-19,2026-03-19,31.2,44.9,44.9,43.91,1802042,307533,5.86
1504.TW,東元,2025-09-18,2025-09-24,2025-10-20,83.1,101.5,119.5,43.8,330182993,73509156,4.49
8027.TWO,鈦昇,2026-02-25,2026-03-24,2026-03-26,92.9,114.0,133.5,43.7,10078410,3347801,3.01
4960.TW,誠美材,2026-03-19,2026-04-17,2026-04-20,25.9,33.85,37.2,43.63,75302810,16798143,4.48
1305.TW,華夏,2026-02-10,2026-03-09,2026-03-20,11.7,14.05,16.8,43.59,39886791,4364708,9.14
3236.TWO,千如,2025-12-16,2026-01-15,2026-01-15,26.4,37.9,37.9,43.56,47971381,9419268,5.09
8091.TWO,翔名,2026-04-17,2026-05-18,2026-05-18,181.5,260.5,260.5,43.53,6267733,1321628,4.74
4971.TWO,IET-KY,2026-01-16,2026-01-29,2026-02-24,308.0,398.5,442.0,43.51,12662509,3910663,3.24
2491.TW,吉祥全,2025-08-14,2025-08-19,2025-08-21,10.75,12.75,15.4,43.26,456597,30348,15.05
3037.TW,欣興,2025-12-19,2026-01-20,2026-01-20,215.0,308.0,308.0,43.26,116054872,38612839,3.01
4764.TW,雙鍵,2025-11-12,2025-12-02,2025-12-10,62.5,72.3,89.5,43.2,2409530,504926,4.77
7780.TW,大研生醫*,2025-12-12,2026-01-19,2026-01-21,17.15,20.35,24.55,43.15,34537180,2998897,11.52
4989.TW,榮科,2025-12-15,2025-12-30,2026-01-14,42.3,51.3,60.5,43.03,59482430,15635787,3.8
5371.TWO,中光電,2025-08-14,2025-08-21,2025-09-03,91.6,105.5,131.0,43.01,87615037,27464232,3.19
1802.TW,台玻,2026-03-23,2026-04-17,2026-04-17,51.9,74.2,74.2,42.97,345186558,103378997,3.34
2344.TW,華邦電,2025-11-21,2025-12-05,2025-12-12,52.2,61.8,74.6,42.91,342364309,105939371,3.23
1727.TW,中華化,2026-02-03,2026-03-13,2026-03-13,42.55,60.8,60.8,42.89,23268253,7726665,3.01
6231.TWO,系微,2026-02-10,2026-03-18,2026-03-20,189.0,241.0,270.0,42.86,2531448,534305,4.74
6224.TW,聚鼎,2026-03-16,2026-04-13,2026-04-15,40.4,47.85,57.7,42.82,1133775,165176,6.86
6725.TWO,矽科宏晟,2025-08-14,2025-08-25,2025-08-26,239.5,330.0,342.0,42.8,1069231,198677,5.38
3048.TW,益登,2026-04-16,2026-05-12,2026-05-15,39.3,46.9,56.1,42.75,19583835,4764810,4.11
8102.TWO,傑霖科技,2026-03-12,2026-04-17,2026-04-17,47.5,67.8,67.8,42.74,283573,25245,11.23
6265.TWO,方土昶,2025-10-14,2025-11-12,2025-11-12,12.4,17.7,17.7,42.74,12517294,2988130,4.19
6127.TWO,九豪,2025-11-25,2025-12-15,2025-12-23,26.1,30.95,37.25,42.72,13782862,2587496,5.33
2426.TW,鼎元,2026-04-21,2026-05-06,2026-05-06,53.4,76.2,76.2,42.7,58520980,14310079,4.09
3702.TW,大聯大,2026-02-05,2026-03-16,2026-03-17,63.1,81.9,90.0,42.63,27039273,6649435,4.07
6830.TW,汎銓,2026-01-19,2026-02-05,2026-02-25,182.0,227.5,259.5,42.58,5491360,881235,6.23
5490.TWO,同亨,2025-08-14,2025-09-03,2025-09-10,24.9,29.15,35.5,42.57,4196564,612873,6.85
6603.TWO,富強鑫,2025-11-19,2025-12-02,2025-12-16,19.15,22.6,27.3,42.56,12251207,2139157,5.73
2360.TW,致茂,2025-09-26,2025-10-14,2025-10-30,564.0,663.0,804.0,42.55,9532180,2848153,3.35
6423.TWO,億而得,2026-03-23,2026-04-20,2026-04-22,87.0,107.5,124.0,42.53,1096312,246600,4.45
6127.TWO,九豪,2026-02-10,2026-03-20,2026-03-20,33.4,47.6,47.6,42.51,37519279,11030630,3.4
3444.TWO,利機,2026-03-19,2026-04-15,2026-04-20,64.1,78.7,91.3,42.43,1783159,227499,7.84
1590.TW,亞德客-KY,2026-03-27,2026-04-24,2026-04-27,990.0,1360.0,1410.0,42.42,2811407,920505,3.05
3529.TWO,力旺,2026-01-16,2026-01-28,2026-02-24,1675.0,1970.0,2385.0,42.39,4290504,655604,6.54
2451.TW,創見,2026-04-17,2026-05-08,2026-05-12,246.5,312.5,351.0,42.39,22329517,6900305,3.24
5425.TWO,台半,2026-04-10,2026-04-17,2026-05-11,56.4,65.7,80.3,42.38,16028559,4806604,3.33
6988.TW,威力暘-創,2025-12-22,2026-01-21,2026-01-21,12.75,18.15,18.15,42.35,128000,36402,3.52
3532.TW,台勝科,2025-08-22,2025-09-17,2025-09-19,82.2,97.1,117.0,42.34,20768549,1266470,16.4
8064.TWO,東捷,2026-03-30,2026-04-20,2026-04-29,66.7,83.5,94.9,42.28,30983776,9362264,3.31
2634.TW,漢翔,2025-08-14,2025-08-27,2025-09-10,47.25,54.6,67.2,42.22,71576896,16985043,4.21
6103.TWO,合邦,2026-02-04,2026-03-12,2026-03-16,34.95,41.1,49.7,42.2,13000,103,125.48
6588.TWO,東典光電,2026-03-04,2026-03-30,2026-04-01,93.2,129.5,132.5,42.17,13969805,2920413,4.78
6789.TW,采鈺,2026-01-21,2026-02-26,2026-03-02,264.5,342.0,376.0,42.16,9025818,1453007,6.21
1796.TWO,金穎生技,2025-08-14,2025-08-27,2025-09-03,45.6,55.6,64.8,42.11,315010,13019,24.2
7744.TWO,崴寶,2026-01-19,2026-02-09,2026-02-25,332.0,389.0,471.5,42.02,1102160,219280,5.03
1449.TW,佳和,2026-03-27,2026-04-08,2026-04-09,11.55,14.95,16.4,41.99,16523861,2189216,7.55
3625.TWO,西勝,2025-08-14,2025-08-18,2025-09-10,17.75,20.65,25.2,41.97,4161840,848154,4.91
6573.TW,虹揚-KY,2025-11-04,2025-11-07,2025-11-10,13.0,16.85,18.45,41.92,2244120,499443,4.49
1809.TW,中釉,2026-02-09,2026-03-03,2026-03-19,22.9,27.35,32.5,41.92,27149956,8312708,3.27
5285.TW,界霖,2026-04-13,2026-05-08,2026-05-12,52.5,61.7,74.5,41.9,1654419,183622,9.01
7788.TW,松川精密,2026-01-05,2026-01-23,2026-01-30,138.5,171.0,196.5,41.88,2149871,450388,4.77
4939.TWO,亞電,2025-10-28,2025-11-04,2025-11-25,21.75,27.4,30.85,41.84,13685034,1397214,9.79
5291.TWO,邑昇,2026-03-05,2026-03-24,2026-04-01,55.0,67.0,78.0,41.82,16129870,2779827,5.8
1295.TWO,生合,2025-08-14,2025-08-25,2025-09-05,110.0,130.5,156.0,41.82,2673166,810886,3.3
6727.TWO,亞泰金屬,2026-02-02,2026-02-11,2026-03-12,167.5,193.5,237.5,41.79,2867122,537276,5.34
2342.TW,茂矽,2026-04-02,2026-04-30,2026-05-05,28.0,33.6,39.7,41.79,6948354,1563642,4.44
6244.TWO,茂迪,2025-11-18,2025-12-12,2025-12-16,15.8,18.55,22.4,41.77,9705395,1958590,4.96
6207.TWO,雷科,2025-08-14,2025-08-27,2025-08-27,49.25,69.8,69.8,41.73,6703162,1744783,3.84
7610.TW,聯友金屬-創,2025-11-28,2025-12-12,2025-12-29,102.0,119.5,144.5,41.67,933375,184827,5.05
2454.TW,聯發科,2026-03-24,2026-04-22,2026-04-22,1620.0,2295.0,2295.0,41.67,23044579,7318746,3.15
3577.TWO,泓格,2026-04-15,2026-05-13,2026-05-14,77.3,99.6,109.5,41.66,1665788,244538,6.81
4934.TW,太極,2026-02-02,2026-02-05,2026-03-02,14.65,18.25,20.75,41.64,8868411,2789982,3.18
3532.TW,台勝科,2026-03-17,2026-04-15,2026-04-16,137.0,193.5,194.0,41.61,11189247,3725668,3.0
7728.TWO,光焱科技,2025-12-10,2026-01-02,2026-01-07,433.0,607.0,613.0,41.57,794064,210986,3.76
8103.TW,瀚荃,2026-03-26,2026-04-23,2026-04-27,82.3,101.0,116.5,41.56,6780299,2189327,3.1
2911.TW,麗嬰房,2026-04-21,2026-04-28,2026-05-20,5.08,5.9,7.19,41.54,789204,67240,11.74
9929.TW,秋雨,2026-02-10,2026-03-18,2026-03-20,10.6,12.45,15.0,41.51,286300,5680,50.4
8043.TWO,蜜望實,2025-09-30,2025-10-21,2025-10-27,38.3,52.1,54.2,41.51,17040341,5342634,3.19
8021.TW,尖點,2025-12-08,2025-12-12,2026-01-07,135.5,162.5,191.74,41.51,100286333,32686526,3.07
3704.TW,合勤控,2025-08-14,2025-08-29,2025-09-09,27.8,33.95,39.3,41.37,16194063,1310034,12.36
6515.TW,穎崴,2025-08-14,2025-09-01,2025-09-09,1245.0,1510.0,1760.0,41.37,4281171,1223645,3.5
4564.TW,元翎,2025-08-14,2025-08-22,2025-09-11,15.0,17.7,21.2,41.33,8165501,519199,15.73
6924.TW,榮惠-KY創,2026-04-13,2026-05-11,2026-05-12,80.0,103.0,113.0,41.25,282108,44566,6.33
1519.TW,華城,2025-12-31,2026-01-15,2026-01-22,765.0,907.0,1080.0,41.18,14644456,4860169,3.01
2417.TW,圓剛,2026-03-31,2026-04-08,2026-04-30,33.4,39.95,47.15,41.17,2903814,377707,7.69
2067.TWO,嘉鋼,2025-09-03,2025-09-30,2025-10-02,7.97,9.35,11.25,41.15,667000,34852,19.14
3684.TWO,榮昌,2025-11-27,2025-12-17,2025-12-26,47.9,58.4,67.6,41.13,611135,158420,3.86
6202.TW,盛群,2026-02-02,2026-02-10,2026-02-24,44.5,53.7,62.8,41.12,16764408,3496697,4.79
4971.TWO,IET-KY,2026-03-04,2026-03-30,2026-03-30,450.0,635.0,635.0,41.11,13770389,3709365,3.71
6937.TW,天虹,2026-03-31,2026-04-30,2026-04-20,238.5,331.0,336.5,41.09,2789230,929083,3.0
3532.TW,台勝科,2025-12-15,2026-01-07,2026-01-14,96.4,119.0,136.0,41.08,16170777,1769093,9.14
4949.TW,有成精密,2026-03-20,2026-04-14,2026-04-13,66.0,92.3,93.1,41.06,14548230,4343847,3.35
2466.TW,冠西電,2026-03-12,2026-04-08,2026-04-13,45.3,59.7,63.9,41.06,2245000,685465,3.28
4760.TWO,勤凱科技,2026-03-10,2026-04-09,2026-04-09,173.0,244.0,244.0,41.04,2491201,754792,3.3
6732.TWO,昇佳電子,2025-08-14,2025-09-04,2025-09-10,179.5,211.5,253.0,40.95,1875258,102827,18.24
3338.TW,泰碩,2026-03-26,2026-04-21,2026-04-23,60.6,70.7,85.4,40.92,9770523,1647801,5.93
6191.TW,精成科,2025-08-21,2025-08-29,2025-09-03,104.0,144.0,146.5,40.87,88258692,26608935,3.32
6861.TW,睿生光電,2026-01-16,2026-02-11,2026-02-24,67.3,78.4,94.8,40.86,2576828,283329,9.09
8935.TWO,邦泰,2025-08-14,2025-08-29,2025-09-02,21.8,26.85,30.7,40.83,7897490,988490,7.99
6174.TWO,安碁,2026-03-19,2026-04-13,2026-04-20,21.45,24.9,30.2,40.79,1247160,94122,13.25
6785.TWO,昱展新藥,2025-09-17,2025-10-02,2025-10-20,206.0,283.0,290.0,40.78,2431576,424118,5.73
7547.TWO,碩網,2026-02-24,2026-03-13,2026-03-25,54.2,62.9,76.3,40.77,255000,42422,6.01
3354.TWO,律勝,2025-11-06,2025-12-02,2025-12-04,15.95,18.6,22.45,40.75,688110,43196,15.93
9918.TW,欣天然,2026-01-27,2026-03-04,2026-03-06,39.65,46.25,55.8,40.73,1548243,20396,75.91
2380.TW,虹光,2026-02-09,2026-03-05,2026-03-19,4.74,5.5,6.67,40.72,594010,155115,3.83
2491.TW,吉祥全,2025-11-04,2025-11-28,2025-12-02,12.9,15.0,18.15,40.7,445945,76045,5.86
3675.TWO,德微,2026-02-02,2026-02-24,2026-03-12,147.5,177.0,207.5,40.68,1863180,613083,3.04
3042.TW,晶技,2026-03-12,2026-04-09,2026-04-13,92.1,107.5,129.5,40.61,11790882,1828812,6.45
6739.TWO,竹陞科技,2026-02-06,2026-03-13,2026-03-16,857.0,1145.0,1205.0,40.61,1602475,483734,3.31
7772.TWO,耀穎,2025-11-28,2025-12-08,2025-12-29,61.1,71.4,85.9,40.59,165617,22072,7.5
2328.TW,廣宇,2025-08-14,2025-08-22,2025-08-26,44.1,54.0,62.0,40.59,160498414,22318758,7.19
3555.TWO,博士旺,2026-01-05,2026-02-02,2026-02-02,87.5,123.0,123.0,40.57,2005191,528038,3.8
8054.TWO,安國,2025-09-22,2025-10-16,2025-10-23,100.0,119.5,140.5,40.5,17274610,1938319,8.91
6531.TW,愛普*,2026-02-05,2026-03-13,2026-03-17,413.0,531.0,580.0,40.44,17699745,5092006,3.48
5292.TW,華懋,2026-02-26,2026-03-25,2026-03-27,180.5,220.0,253.5,40.44,1057195,310820,3.4
8996.TW,高力,2025-12-11,2026-01-09,2026-01-12,497.0,635.0,698.0,40.44,9274226,2876511,3.22
1762.TW,中化生,2026-04-09,2026-05-08,2026-05-08,27.6,38.75,38.75,40.4,1173241,166068,7.06
5464.TWO,霖宏,2026-04-02,2026-04-21,2026-05-05,28.1,32.55,39.45,40.39,790002,126793,6.23
6657.TW,華安,2025-12-29,2026-01-23,2026-01-27,41.75,48.5,58.6,40.36,2090489,165774,12.61
3002.TW,歐格,2025-09-15,2025-10-14,2025-10-16,16.6,19.3,23.3,40.36,4787599,580765,8.24
6163.TWO,華電網,2025-12-22,2026-01-13,2026-01-14,51.8,67.2,72.7,40.35,71282537,8542252,8.34
3485.TWO,敘豐,2026-03-09,2026-03-19,2026-04-08,171.0,206.5,240.0,40.35,576771,130131,4.43
3059.TW,華晶科,2025-08-14,2025-08-25,2025-09-08,44.9,52.2,63.0,40.31,49215338,11217372,4.39
3006.TW,晶豪科,2026-01-05,2026-01-29,2026-01-30,139.0,177.5,195.0,40.29,61109528,18224634,3.35
6141.TW,柏承,2026-01-23,2026-03-02,2026-03-04,11.7,13.6,16.4,40.17,2341002,398696,5.87
6530.TWO,創威,2026-01-22,2026-02-24,2026-03-03,59.3,72.1,83.1,40.13,9631276,495299,19.45
3713.TWO,新晶投控,2025-08-20,2025-09-15,2025-09-17,19.7,22.85,27.6,40.1,940250,60129,15.64
8067.TWO,志旭,2025-09-10,2025-10-08,2025-10-13,12.6,14.6,17.65,40.08,48001,9958,4.82
5484.TW,慧友,2025-08-14,2025-08-26,2025-08-28,38.5,44.75,53.9,40.0,1547397,291018,5.32
5347.TWO,世界,2026-04-02,2026-04-20,2026-05-05,110.0,139.0,154.0,40.0,68707796,18183331,3.78
3615.TWO,安可,2026-01-22,2026-02-06,2026-03-03,25.4,29.35,35.55,39.96,14058015,1369173,10.27
6152.TW,百一,2025-11-24,2025-12-15,2025-12-22,8.11,9.61,11.35,39.95,2382280,792138,3.01
3054.TW,立萬利,2026-01-21,2026-02-25,2026-03-02,29.8,34.5,41.7,39.93,372105,106570,3.49
3016.TW,嘉晶,2025-12-22,2026-01-08,2026-01-21,51.9,60.0,72.6,39.88,11614520,1682692,6.9
6629.TWO,泰金-KY,2025-08-14,2025-09-03,2025-09-10,79.0,93.0,110.5,39.87,145104,43607,3.33
9103.TW,美德醫療-DR,2025-12-31,2026-01-27,2026-01-29,4.44,5.14,6.21,39.86,2449312,270668,9.05
6426.TW,統新,2026-01-06,2026-01-30,2026-02-03,93.7,122.5,131.0,39.81,21092785,5053762,4.17
4927.TW,泰鼎-KY,2026-02-04,2026-02-26,2026-02-26,33.8,47.25,47.25,39.79,46525386,14264595,3.26
6620.TWO,漢達,2025-08-14,2025-09-10,2025-09-11,80.5,106.0,112.5,39.75,2981693,189722,15.72
7795.TW,長廣,2025-08-14,2025-09-02,2025-09-11,161.0,190.0,225.0,39.75,331400,23454,14.13
8383.TWO,千附,2026-03-18,2026-04-13,2026-04-17,44.65,53.0,62.4,39.75,4887502,423951,11.53
6488.TWO,環球晶,2025-12-15,2026-01-06,2026-01-14,369.5,433.0,516.0,39.65,14380693,1901868,7.56
4909.TWO,新復興,2025-11-25,2025-12-16,2025-12-23,40.75,50.0,56.9,39.63,4901210,1106480,4.43
3221.TWO,台嘉碩,2026-03-09,2026-03-30,2026-04-01,27.8,36.85,38.8,39.57,25342731,7756326,3.27
4533.TWO,協易機,2025-12-17,2026-01-14,2026-01-16,21.75,25.1,30.35,39.54,6092929,1655451,3.68
5474.TWO,聰泰,2026-04-02,2026-04-13,2026-05-05,126.5,146.0,176.5,39.53,488010,125885,3.88
8101.TW,華冠,2025-08-18,2025-09-11,2025-09-15,13.7,16.65,19.1,39.42,125965,7940,15.86
4991.TWO,環宇-KY,2026-01-08,2026-02-03,2026-02-05,209.5,241.5,292.0,39.38,18130550,4682873,3.87
6208.TWO,日揚,2026-04-21,2026-05-14,2026-05-14,75.0,104.5,104.5,39.33,9913360,988819,10.03
5392.TWO,能率,2025-08-28,2025-09-16,2025-09-25,41.91,50.3,58.4,39.33,67205596,12589556,5.34
4542.TWO,科嶠,2026-01-07,2026-01-09,2026-02-04,87.2,105.0,121.5,39.33,3995110,749487,5.33
6225.TW,天瀚,2026-04-13,2026-05-06,2026-05-12,18.95,23.45,26.4,39.31,58055,18972,3.06
2923.TW,鼎固-KY,2026-01-20,2026-02-23,2026-02-26,20.1,24.9,28.0,39.3,529499,23859,22.19
8047.TWO,星雲,2025-11-10,2025-11-27,2025-12-04,40.35,50.2,56.2,39.28,1556101,498892,3.12
6532.TWO,瑞耘,2026-03-23,2026-04-22,2026-04-22,73.6,102.5,102.5,39.27,6473276,980616,6.6
3323.TWO,加百裕,2025-08-14,2025-09-09,2025-09-11,40.5,46.7,56.4,39.26,47755222,9464160,5.05
1717.TW,長興,2025-12-08,2026-01-05,2026-01-07,40.0,46.1,55.7,39.25,33117477,6941924,4.77
6829.TWO,千附精密,2026-03-13,2026-03-30,2026-04-14,107.0,123.5,149.0,39.25,899612,228597,3.94
3162.TWO,精確,2026-03-23,2026-04-08,2026-04-22,54.8,66.8,76.3,39.23,7726351,1926988,4.01
4991.TWO,環宇-KY,2025-11-28,2025-12-24,2025-12-23,167.0,232.0,232.5,39.22,20990631,6360032,3.3
4569.TW,六方科-KY,2026-03-16,2026-04-10,2026-04-15,139.0,171.0,193.5,39.21,538000,123829,4.34
1471.TW,首利,2025-12-24,2026-01-08,2026-01-23,8.73,10.05,12.15,39.18,2829111,170129,16.63
6230.TW,尼得科超眾,2026-01-21,2026-02-25,2026-03-02,120.0,143.0,167.0,39.17,429275,61174,7.02
4973.TWO,廣穎電通,2025-12-09,2026-01-07,2026-01-08,34.85,44.1,48.5,39.17,12484411,2301184,5.43
4958.TW,臻鼎-KY,2026-01-02,2026-01-13,2026-01-30,140.5,164.0,195.5,39.15,47027975,7844609,5.99
3321.TW,同泰,2025-11-26,2025-12-04,2025-12-05,14.85,19.51,20.65,39.08,1913266,547799,3.49
4542.TWO,科嶠,2026-02-11,2026-03-13,2026-03-20,142.0,175.0,197.5,39.08,4390566,1381790,3.18
5398.TWO,慕康生醫,2025-10-30,2025-11-10,2025-11-27,18.7,22.05,26.0,39.04,1188002,211868,5.61
6909.TW,創控,2026-03-25,2026-04-15,2026-04-20,48.05,58.0,66.8,39.02,7141257,1441146,4.96
2451.TW,創見,2026-03-12,2026-03-20,2026-03-18,225.5,302.0,313.5,39.02,23373653,7627771,3.06
2431.TW,聯昌,2025-12-26,2026-01-22,2026-01-26,11.55,13.3,16.05,38.96,2142101,368571,5.81
3135.TW,凌航,2026-02-10,2026-03-18,2026-03-20,113.0,130.0,157.0,38.94,10994250,3624952,3.03
2344.TW,華邦電,2025-08-14,2025-09-05,2025-09-11,18.0,22.55,25.0,38.89,226629036,38363019,5.91
4905.TWO,台聯電,2026-02-10,2026-03-19,2026-03-20,64.3,81.2,89.3,38.88,64076,7549,8.49
3623.TWO,富晶通,2025-12-04,2026-01-02,2026-01-05,20.6,26.0,28.6,38.83,454000,31124,14.59
8042.TWO,金山電,2026-04-02,2026-04-14,2026-05-05,51.0,65.0,70.8,38.82,11957460,1352114,8.84
8431.TWO,匯鑽科,2025-11-11,2025-12-05,2025-12-09,42.0,50.6,58.3,38.81,3800097,417079,9.11
4760.TWO,勤凱科技,2025-08-19,2025-08-29,2025-08-28,140.48,193.0,195.0,38.81,5339733,1550105,3.44
6823.TWO,濾能,2025-12-01,2025-12-18,2025-12-23,65.7,85.5,91.2,38.81,1127198,360263,3.13
6108.TW,競國,2026-04-07,2026-04-24,2026-05-06,15.85,19.35,22.0,38.8,6268093,539168,11.63
2399.TW,映泰,2026-02-06,2026-03-13,2026-03-18,22.2,26.25,30.8,38.74,22085847,5418166,4.08
8091.TWO,翔名,2026-03-10,2026-03-24,2026-04-09,133.0,154.5,184.5,38.72,2045381,357590,5.72
5302.TWO,太欣,2025-12-11,2026-01-08,2026-01-12,8.94,10.3,12.4,38.7,1459431,272419,5.36
3481.TW,群創,2025-12-04,2025-12-31,2026-01-05,14.35,17.05,19.9,38.68,930859957,47783371,19.48
4609.TWO,唐鋒,2026-04-16,2026-05-05,2026-05-15,4.06,5.53,5.63,38.67,54044,17150,3.15
6190.TWO,萬泰科,2026-03-09,2026-03-19,2026-04-08,44.0,56.0,61.0,38.64,28527302,5671845,5.03
8038.TWO,長園科,2025-12-10,2026-01-09,2026-01-09,42.2,58.5,58.5,38.63,5247815,1636349,3.21
6548.TWO,長科*,2025-12-19,2026-01-06,2026-01-20,39.9,47.8,55.3,38.6,24254487,4594080,5.28
4541.TWO,晟田,2025-08-14,2025-08-28,2025-09-04,46.4,55.1,64.3,38.58,30421090,5444994,5.59
8021.TW,尖點,2026-03-09,2026-03-19,2026-04-08,211.5,260.0,293.0,38.53,39631090,10781053,3.68
1905.TW,華紙,2026-03-02,2026-03-27,2026-03-30,12.2,15.4,16.9,38.52,62915885,2722732,23.11
3645.TW,達邁,2025-12-26,2026-01-16,2026-01-26,52.7,60.7,73.0,38.52,8980552,1103493,8.14
2314.TW,台揚,2025-08-14,2025-09-01,2025-09-08,20.23,25.53,28.02,38.5,907134,108156,8.39
3219.TWO,倚強科,2025-12-02,2025-12-11,2025-12-31,54.8,63.2,75.9,38.5,1304071,255501,5.1
2489.TW,瑞軒,2025-12-22,2026-01-19,2026-01-21,15.2,18.0,21.05,38.49,16976589,2141070,7.93
3289.TWO,宜特,2026-03-12,2026-03-19,2026-04-13,123.5,145.0,171.0,38.46,17258359,3009227,5.74
4542.TWO,科嶠,2025-11-14,2025-12-10,2025-12-12,54.4,64.9,75.3,38.42,1133341,82983,13.66
3594.TWO,磐儀,2026-03-20,2026-04-21,2026-04-21,40.75,56.4,56.4,38.4,5797521,506264,11.45
4989.TW,榮科,2025-09-10,2025-10-08,2025-10-13,30.1,35.55,41.65,38.37,64250766,7149620,8.99
3693.TWO,營邦,2026-01-21,2026-02-04,2026-03-02,331.0,423.5,458.0,38.37,4019090,1151981,3.49
4577.TWO,達航科技,2026-03-09,2026-03-30,2026-04-08,84.2,111.5,116.5,38.36,5616377,1852692,3.03
2399.TW,映泰,2026-03-25,2026-04-08,2026-04-24,31.55,37.95,43.65,38.35,40006596,11566172,3.46
1303.TW,南亞,2025-12-18,2026-01-16,2026-01-19,57.4,73.8,79.4,38.33,368866842,119259914,3.09
3548.TWO,兆利,2026-03-19,2026-04-14,2026-04-20,83.5,102.5,115.5,38.32,1482571,364478,4.07
4772.TWO,台特化,2025-08-14,2025-08-28,2025-09-10,240.5,289.0,332.5,38.25,15820070,1838831,8.6
2233.TW,宇隆,2026-03-31,2026-04-22,2026-04-30,217.0,260.5,300.0,38.25,2768406,812946,3.41
3313.TWO,斐成,2025-08-14,2025-09-05,2025-09-09,13.6,16.7,18.8,38.24,3943612,117075,33.68
6285.TW,啟碁,2025-12-23,2026-01-19,2026-01-22,102.0,118.5,141.0,38.24,11921169,2831646,4.21
3630.TWO,新鉅科,2025-12-26,2026-01-12,2026-01-26,27.85,32.15,38.5,38.24,3413426,819511,4.17
6220.TWO,岳豐,2026-01-21,2026-02-23,2026-03-02,26.7,31.55,36.9,38.2,1692734,259161,6.53
1799.TWO,易威,2026-02-06,2026-03-18,2026-03-18,31.55,43.6,43.6,38.19,504000,108445,4.65
5351.TWO,鈺創,2026-02-05,2026-03-17,2026-03-17,55.8,77.1,77.1,38.17,65268439,16559362,3.94
6419.TWO,京晨科,2025-11-18,2025-12-11,2025-12-15,53.2,61.6,73.5,38.16,240023,52328,4.59
3150.TW,鈺寶-創,2026-03-23,2026-03-25,2026-04-22,16.0,19.35,22.1,38.13,506327,64032,7.91
6821.TWO,聯寶,2026-02-25,2026-03-25,2026-03-26,36.85,46.3,50.9,38.13,545502,160712,3.39
4171.TWO,瑞基,2025-09-24,2025-10-27,2025-10-28,18.1,22.75,25.0,38.12,265644,46932,5.66
3122.TWO,笙泉,2025-12-30,2026-01-19,2026-01-28,21.0,24.65,29.0,38.1,756207,82246,9.19
3535.TW,晶彩科,2025-11-10,2025-12-01,2025-12-08,70.9,91.6,97.9,38.08,14744374,3914090,3.77
2467.TW,志聖,2025-11-13,2025-11-28,2025-12-11,176.0,205.0,243.0,38.07,3046575,772983,3.94
2855.TW,統一證,2026-04-10,2026-05-11,2026-05-11,31.65,43.7,43.7,38.07,20843324,5846946,3.56
1466.TW,聚隆,2026-01-20,2026-02-06,2026-02-26,14.45,16.65,19.95,38.06,2413040,144560,16.69
3581.TWO,博磊,2025-10-30,2025-11-17,2025-11-27,52.3,63.9,72.2,38.05,10393011,2550922,4.07
3260.TWO,威剛,2025-09-23,2025-10-14,2025-10-27,148.5,179.0,205.0,38.05,54261912,15873820,3.42
3057.TW,喬鼎,2025-11-21,2025-12-18,2025-12-19,13.8,17.35,19.05,38.04,1295288,330535,3.92
6173.TWO,信昌電,2026-03-18,2026-04-16,2026-04-17,66.8,83.9,92.2,38.02,23707508,3411350,6.95
6196.TW,帆宣,2026-03-20,2026-04-21,2026-04-21,288.0,397.5,397.5,38.02,6412255,2084506,3.08
4931.TWO,新盛力,2026-04-10,2026-04-22,2026-05-11,135.5,159.5,187.0,38.01,20319092,5423046,3.75
5452.TWO,佶優,2026-02-10,2026-03-20,2026-03-20,28.6,39.45,39.45,37.94,23883131,4213887,5.67
3645.TW,達邁,2026-02-02,2026-03-10,2026-03-11,60.1,75.5,82.9,37.94,29284664,5638229,5.19
4931.TWO,新盛力,2025-11-14,2025-12-01,2025-12-11,130.5,166.5,180.0,37.93,49192691,8006321,6.14
6175.TWO,立敦,2025-09-23,2025-10-23,2025-10-27,39.3,49.35,54.2,37.91,23829439,1342441,17.75
4946.TWO,辣椒,2026-01-19,2026-01-27,2026-02-25,105.5,124.0,145.5,37.91,430504,45142,9.54
4927.TW,泰鼎-KY,2026-03-26,2026-04-14,2026-04-27,42.5,50.7,58.6,37.88,45907525,12980382,3.54
6161.TWO,捷波,2025-08-22,2025-09-15,2025-09-19,39.75,48.2,54.8,37.86,1730104,95081,18.2
5328.TWO,華容,2025-12-17,2026-01-15,2026-01-16,20.6,25.85,28.4,37.86,46199261,13460678,3.43
1503.TW,士電,2025-12-23,2026-01-14,2026-01-22,172.0,198.0,237.0,37.79,8345379,1315008,6.35
2484.TW,希華,2026-03-16,2026-03-27,2026-04-15,26.6,30.9,36.65,37.78,14154077,2285271,6.19
7734.TWO,印能科技,2026-02-04,2026-02-26,2026-02-26,1325.0,1825.0,1825.0,37.74,874239,269831,3.24
3055.TW,蔚華科,2026-03-20,2026-04-21,2026-04-21,59.9,82.5,82.5,37.73,1061323,342114,3.1
3593.TW,力銘,2026-03-13,2026-04-10,2026-04-14,13.0,15.6,17.9,37.69,208382,24413,8.54
3444.TWO,利機,2025-11-28,2025-12-24,2025-12-29,53.1,61.6,73.1,37.66,2839143,155372,18.27
3715.TW,定穎投控,2025-10-15,2025-11-12,2025-11-13,94.8,119.0,130.5,37.66,185465404,31846668,5.82
5381.TWO,光譜,2025-12-19,2026-01-15,2026-01-20,28.59,34.12,39.35,37.65,16903381,2008016,8.42
6658.TW,聯策,2026-03-23,2026-04-10,2026-04-22,66.4,81.7,91.4,37.65,5337769,884524,6.03
8105.TW,凌巨,2025-12-08,2026-01-06,2026-01-07,10.9,13.65,15.0,37.61,12791187,605485,21.13
3481.TW,群創,2026-04-14,2026-05-13,2026-05-13,27.25,37.5,37.5,37.61,1375744143,385876998,3.57
6568.TWO,宏觀,2026-01-07,2026-02-03,2026-02-04,121.0,151.5,166.5,37.6,1703344,500074,3.41
6924.TW,榮惠-KY創,2026-02-05,2026-03-13,2026-03-17,57.2,74.8,78.7,37.59,114473,19351,5.92
6485.TWO,點序,2026-04-17,2026-05-05,2026-05-18,78.5,90.7,108.0,37.58,1561120,519205,3.01
1815.TWO,富喬,2025-10-15,2025-11-13,2025-11-13,67.1,92.3,92.3,37.56,346279860,81765302,4.24
6164.TW,華興,2025-11-19,2025-12-16,2025-12-17,9.67,12.1,13.3,37.54,6134107,270664,22.66
6761.TWO,穩得,2026-04-07,2026-04-23,2026-04-30,158.5,217.5,218.0,37.54,5734458,1592041,3.6
3357.TWO,臺慶科,2026-02-06,2026-02-26,2026-03-02,146.5,183.5,201.5,37.54,9224703,3046628,3.03
6588.TWO,東典光電,2025-11-04,2025-12-01,2025-12-02,27.45,34.35,37.75,37.52,674003,44974,14.99
3167.TW,大量,2025-10-17,2025-11-04,2025-11-17,164.0,193.5,225.5,37.5,24387107,3628216,6.72
6236.TWO,中湛,2025-12-29,2026-01-15,2026-01-27,19.6,23.0,26.95,37.5,1000,306,3.27
3025.TW,星通,2025-11-14,2025-12-01,2025-12-12,45.1,53.8,62.0,37.47,7648922,290587,26.32
8299.TWO,群聯,2025-08-18,2025-09-10,2025-09-15,483.0,605.0,664.0,37.47,10648052,1891611,5.63
2221.TWO,大甲,2026-03-24,2026-04-21,2026-04-23,30.3,35.4,41.65,37.46,559001,56177,9.95
3049.TW,精金,2025-12-22,2026-01-20,2026-01-21,7.35,9.21,10.1,37.41,25370629,1892972,13.4
3357.TWO,臺慶科,2026-04-15,2026-05-12,2026-05-14,168.5,194.0,231.5,37.39,7738985,2356290,3.28
3006.TW,晶豪科,2025-09-26,2025-10-03,2025-10-30,70.1,82.5,96.3,37.38,55155857,14535850,3.79
3054.TW,立萬利,2025-12-01,2025-12-16,2025-12-30,23.15,26.7,31.8,37.37,105019,8797,11.94
4576.TW,大銀微系統,2026-03-09,2026-03-26,2026-04-08,108.5,137.5,149.0,37.33,7881494,1460338,5.4
6426.TW,統新,2025-11-14,2025-12-02,2025-12-12,71.0,82.3,97.5,37.32,2930409,238737,12.27
6683.TWO,雍智科技,2026-01-02,2026-01-28,2026-01-30,419.5,532.0,576.0,37.31,3569401,670750,5.32
1727.TW,中華化,2026-03-25,2026-04-23,2026-04-24,51.5,64.3,70.7,37.28,39777054,9596574,4.14
8047.TWO,星雲,2025-09-02,2025-09-15,2025-10-01,13.55,16.35,18.6,37.27,315000,103350,3.05
6425.TWO,易發,2026-03-19,2026-04-14,2026-04-20,66.3,78.7,91.0,37.25,3261344,433832,7.52
6206.TW,飛捷,2026-04-13,2026-05-08,2026-05-12,102.0,119.0,140.0,37.25,5312005,816823,6.5
6465.TWO,威潤,2025-10-29,2025-11-25,2025-11-26,16.65,20.8,22.85,37.25,113002,25995,4.35
2436.TW,偉詮電,2026-03-09,2026-03-19,2026-03-18,50.5,66.1,69.3,37.23,19637380,6405647,3.07
8240.TWO,華宏,2026-02-05,2026-03-16,2026-03-17,39.5,49.3,54.2,37.22,10029930,1950215,5.14
1785.TWO,光洋科,2026-02-02,2026-03-10,2026-03-12,60.9,74.0,83.5,37.11,81671425,11646934,7.01
3543.TW,州巧,2025-09-17,2025-10-20,2025-10-20,32.2,44.15,44.15,37.11,12469690,2340487,5.33
8054.TWO,安國,2026-03-31,2026-04-16,2026-04-22,90.8,105.5,124.5,37.11,7277593,2046577,3.56
3374.TWO,精材,2026-03-26,2026-04-16,2026-04-27,159.0,184.5,218.0,37.11,14431171,4219539,3.42
6823.TWO,濾能,2025-10-01,2025-10-23,2025-11-03,62.8,72.4,86.1,37.1,400042,126643,3.16
2489.TW,瑞軒,2026-03-23,2026-04-10,2026-04-13,34.8,45.3,47.7,37.07,226160044,23906332,9.46
2472.TW,立隆電,2026-03-09,2026-03-17,2026-04-08,102.5,125.0,140.5,37.07,9608508,2928081,3.28
6152.TW,百一,2025-12-30,2026-01-19,2026-01-19,10.8,14.8,14.8,37.04,13255823,1988542,6.67
2009.TW,第一銅,2025-11-28,2025-12-04,2025-12-29,39.7,47.75,54.4,37.03,33745567,2512160,13.43
3485.TWO,敘豐,2025-11-25,2025-12-22,2025-12-23,83.2,96.6,114.0,37.02,95767,14659,6.53
4956.TW,光鋐,2026-02-24,2026-03-16,2026-03-25,27.15,32.45,37.2,37.02,37482646,6648065,5.64
6278.TW,台表科,2026-03-16,2026-04-14,2026-04-15,100.0,125.0,137.0,37.0,32058940,1679211,19.09
3095.TWO,及成,2026-03-23,2026-04-21,2026-04-22,30.95,38.55,42.4,37.0,132724,12459,10.65
8926.TW,台汽電,2026-04-16,2026-05-11,2026-05-15,44.6,51.5,61.1,37.0,9878160,1494215,6.61
8210.TW,勤誠,2025-09-23,2025-10-17,2025-10-27,600.0,707.0,822.0,37.0,9406227,2002856,4.7
3372.TWO,典範,2025-11-28,2025-12-26,2025-12-29,17.3,21.95,23.7,36.99,7882996,1834828,4.3
4939.TWO,亞電,2026-01-02,2026-01-21,2026-01-22,37.45,46.7,51.3,36.98,47303294,12524621,3.78
5228.TWO,鈺鎧,2026-04-20,2026-05-12,2026-05-14,36.65,45.85,50.2,36.97,4241150,939396,4.51
3689.TWO,湧德,2026-03-12,2026-03-19,2026-04-13,101.5,124.0,139.0,36.95,16086787,2612435,6.16
2402.TW,毅嘉,2025-11-12,2025-12-09,2025-12-10,49.0,61.0,67.1,36.94,39730642,5280500,7.52
2395.TW,研華,2026-04-09,2026-05-07,2026-05-08,348.0,444.0,476.5,36.93,8937078,2464552,3.63
4561.TWO,健椿,2026-04-02,2026-04-15,2026-05-05,32.5,38.25,44.5,36.92,623040,123824,5.03
4768.TWO,晶呈科技,2025-09-18,2025-10-07,2025-10-20,195.0,245.0,267.0,36.92,4291842,1070356,4.01
3105.TWO,穩懋,2025-11-11,2025-12-02,2025-12-09,122.0,151.0,167.0,36.89,34491521,10692290,3.23
8150.TW,南茂,2026-03-23,2026-04-22,2026-04-22,58.3,79.8,79.8,36.88,109292027,30322292,3.6
6492.TWO,生華科,2025-09-18,2025-10-17,2025-10-21,37.7,43.9,51.6,36.87,1342760,346804,3.87
4577.TWO,達航科技,2025-10-22,2025-10-29,2025-11-20,32.05,39.6,43.85,36.82,4430130,1333639,3.32
3552.TWO,同致,2026-03-19,2026-03-31,2026-04-20,46.05,57.7,63.0,36.81,1945980,187929,10.35
7730.TW,暉盛-創,2026-01-30,2026-03-02,2026-03-11,95.4,110.0,130.5,36.79,169200,40592,4.17
6806.TW,森崴能源,2025-12-18,2026-01-13,2026-01-19,37.8,44.05,51.7,36.77,7094917,1499203,4.73
1514.TW,亞力,2025-12-22,2026-01-19,2026-01-21,102.0,120.0,139.5,36.76,36974068,2957157,12.5
6672.TW,騰輝電子-KY,2025-08-14,2025-08-19,2025-09-09,86.3,106.5,118.0,36.73,21405669,2021443,10.59
6226.TW,光鼎,2025-12-18,2026-01-16,2026-01-19,7.35,9.15,10.05,36.73,2997385,337320,8.89
6924.TW,榮惠-KY創,2025-11-07,2025-12-08,2025-12-08,50.1,68.5,68.5,36.73,94321,19348,4.87
5328.TWO,華容,2025-09-09,2025-09-22,2025-10-08,13.35,16.8,18.25,36.7,19673030,731025,26.91
6953.TWO,家碩,2026-03-31,2026-04-17,2026-04-30,203.0,240.0,277.5,36.7,337007,52687,6.4
6155.TW,鈞寶,2025-11-03,2025-11-13,2025-12-01,27.8,34.0,38.0,36.69,9301277,1977937,4.7
2449.TW,京元電子,2026-04-02,2026-04-30,2026-05-05,259.0,302.5,354.0,36.68,69586258,20807105,3.34
7810.TWO,捷創科技,2026-03-03,2026-03-25,2026-03-27,200.5,272.5,274.0,36.66,2339693,260132,8.99
2369.TW,菱生,2025-12-18,2026-01-07,2026-01-19,22.65,26.65,30.95,36.64,32105093,8559887,3.75
3709.TWO,鑫聯大投控,2026-04-09,2026-05-08,2026-05-08,68.0,92.9,92.9,36.62,9362387,2894961,3.23
9931.TW,欣高,2026-01-27,2026-03-05,2026-03-06,34.15,42.45,46.65,36.6,2177740,16624,131.0
6261.TWO,久元,2026-03-20,2026-04-07,2026-04-21,67.5,79.2,92.2,36.59,2440071,735371,3.32
3051.TW,力特,2026-03-30,2026-04-22,2026-04-29,20.1,25.2,27.45,36.57,12407231,723532,17.15
5864.TWO,致和證,2026-01-20,2026-02-25,2026-02-26,20.1,26.6,27.45,36.57,13835053,2811799,4.92
5234.TW,達興材料,2026-02-02,2026-02-26,2026-02-25,329.5,424.5,450.0,36.57,3858389,1215297,3.17
6182.TWO,合晶,2025-12-15,2026-01-06,2026-01-14,29.0,33.4,39.6,36.55,53147366,3299897,16.11
6821.TWO,聯寶,2026-04-07,2026-04-20,2026-04-14,52.0,68.9,71.0,36.54,4412300,1055639,4.18
2305.TW,全友,2025-12-15,2026-01-13,2026-01-14,10.95,13.6,14.95,36.53,9602629,337611,28.44
1326.TW,台化,2025-12-30,2026-01-27,2026-01-28,32.3,40.55,44.1,36.53,116273953,15625602,7.44
6788.TWO,華景電,2025-11-18,2025-12-15,2025-12-16,215.0,268.5,293.5,36.51,3719037,493983,7.53
5344.TWO,立衛,2026-03-26,2026-04-22,2026-04-23,13.85,17.2,18.9,36.46,485700,83730,5.8
1519.TW,華城,2025-10-01,2025-10-31,2025-11-03,576.0,715.0,786.0,36.46,11819829,2049932,5.77
3339.TWO,泰谷,2026-02-23,2026-03-13,2026-03-24,27.3,33.8,37.25,36.45,11321436,907760,12.47
4989.TW,榮科,2025-10-20,2025-11-07,2025-11-13,36.5,44.6,49.8,36.44,68141541,12135363,5.62
6725.TWO,矽科宏晟,2026-03-04,2026-03-24,2026-03-25,215.5,281.0,294.0,36.43,2291885,222916,10.28
6109.TWO,亞元,2025-09-16,2025-10-16,2025-10-17,10.3,12.8,14.05,36.41,1796396,220411,8.15
3653.TW,健策,2025-10-31,2025-11-13,2025-11-28,2130.0,2475.0,2905.0,36.38,5896190,1523986,3.87
8042.TWO,金山電,2025-12-19,2026-01-15,2026-01-19,52.5,71.0,71.6,36.38,49186866,15809804,3.11
3005.TW,神基,2025-08-14,2025-08-26,2025-09-03,121.0,146.0,165.0,36.36,15835454,2640701,6.0
8455.TWO,大拓-KY,2026-04-10,2026-04-27,2026-05-11,20.5,24.6,27.95,36.34,83000,7152,11.6
8299.TWO,群聯,2025-09-23,2025-10-07,2025-10-27,710.0,874.0,968.0,36.34,15843083,4770357,3.32
6290.TWO,良維,2026-01-20,2026-02-23,2026-02-26,166.5,196.0,227.0,36.34,12410043,3978187,3.12
5245.TWO,智晶,2025-12-08,2026-01-05,2026-01-07,21.75,25.7,29.65,36.32,646000,40806,15.83
1735.TW,日勝化,2026-02-04,2026-03-13,2026-03-16,19.15,23.75,26.1,36.29,3419440,404712,8.45
2740.TWO,華軒,2025-12-29,2026-01-26,2026-01-27,27.85,34.5,37.95,36.27,130000,35975,3.61
6531.TW,愛普*,2025-12-18,2025-12-30,2026-01-19,378.0,442.5,515.0,36.24,13932588,2641291,5.27
6246.TWO,臺龍,2025-08-14,2025-08-21,2025-08-25,14.9,17.85,20.3,36.24,457875,130686,3.5
3230.TWO,錦明,2025-08-22,2025-09-09,2025-09-09,48.45,66.0,66.0,36.22,14063977,3273137,4.3
8080.TWO,泰霖,2025-12-12,2026-01-12,2026-01-13,29.0,35.95,39.5,36.21,161602,9230,17.51
8088.TWO,品安,2026-03-09,2026-03-17,2026-03-19,45.15,59.2,61.5,36.21,16791459,5412132,3.1
6423.TWO,億而得,2025-12-30,2026-01-23,2026-01-28,82.6,103.5,112.5,36.2,1098243,31290,35.1
8021.TW,尖點,2025-09-02,2025-09-09,2025-10-01,81.5,99.2,111.0,36.2,64885991,19357189,3.35
3057.TW,喬鼎,2026-03-31,2026-04-15,2026-04-29,15.2,19.0,20.7,36.18,1250408,305290,4.1
1570.TWO,力肯,2026-03-23,2026-04-21,2026-04-22,31.1,38.5,42.35,36.17,1788003,125482,14.25
5439.TWO,高技,2026-03-12,2026-04-10,2026-04-13,264.0,334.5,359.5,36.17,11638454,3495768,3.33
3665.TW,貿聯-KY,2026-01-30,2026-03-03,2026-03-06,1300.0,1645.0,1770.0,36.15,10591525,3285219,3.22
6166.TW,凌華,2026-03-23,2026-04-14,2026-04-22,59.5,72.3,81.0,36.13,3865302,469085,8.24
6862.TW,三集瑞-KY,2025-09-25,2025-10-21,2025-10-28,155.0,200.5,211.0,36.13,3464095,534692,6.48
2612.TW,中航,2025-11-06,2025-12-02,2025-12-04,54.8,66.7,74.6,36.13,10923180,2855231,3.83
3024.TW,憶聲,2026-03-23,2026-04-20,2026-04-22,10.25,12.0,13.95,36.1,6540728,789788,8.28
6823.TWO,濾能,2026-03-19,2026-04-20,2026-04-20,61.5,83.7,83.7,36.1,1879149,304852,6.16
6449.TW,鈺邦,2026-04-15,2026-05-13,2026-05-14,176.0,218.0,239.5,36.08,5154385,616099,8.37
8096.TWO,擎亞,2025-12-31,2026-01-28,2026-01-29,51.0,64.2,69.4,36.08,50257838,6907159,7.28
6461.TWO,益得,2025-12-04,2026-01-02,2026-01-05,15.8,19.55,21.5,36.08,576837,143408,4.02
2515.TW,中工,2026-01-16,2026-02-11,2026-02-24,13.45,15.8,18.3,36.06,51662405,7834405,6.59
8043.TWO,蜜望實,2025-08-25,2025-09-19,2025-09-22,25.8,31.95,35.1,36.05,3350773,345358,9.7
3673.TW,TPK-KY,2026-03-09,2026-03-19,2026-04-08,38.0,45.15,51.7,36.05,14933652,2044500,7.3
3030.TW,德律,2026-01-22,2026-03-03,2026-03-02,180.5,236.5,245.5,36.01,14346488,3645994,3.93
4749.TWO,新應材,2025-08-14,2025-09-01,2025-09-08,664.0,835.0,903.0,35.99,6015918,1321887,4.55
8112.TW,至上,2025-09-22,2025-10-17,2025-10-23,46.7,54.5,63.5,35.97,39753548,6609211,6.01
6208.TWO,日揚,2026-03-13,2026-04-07,2026-04-14,45.9,57.6,62.4,35.95,2435146,85566,28.46
3701.TW,大眾控,2026-01-26,2026-03-04,2026-03-03,52.3,64.0,71.1,35.95,26567347,7338088,3.62
2515.TW,中工,2025-09-25,2025-10-28,2025-10-29,10.33,12.81,14.04,35.94,62841040,5236345,12.0
6147.TWO,頎邦,2026-02-06,2026-03-12,2026-03-18,52.9,61.0,71.9,35.92,23966565,3567685,6.72
3556.TWO,禾瑞亞,2026-03-20,2026-04-20,2026-04-21,42.75,52.9,58.1,35.91,1802614,175493,10.27
6488.TWO,環球晶,2026-03-23,2026-04-21,2026-04-22,441.5,597.0,600.0,35.9,13683893,4126426,3.32
2349.TW,錸德,2025-11-13,2025-12-04,2025-12-11,9.42,10.85,12.8,35.88,14768443,1897794,7.78
6573.TW,虹揚-KY,2025-09-24,2025-10-22,2025-10-28,9.9,11.8,13.45,35.86,861100,125287,6.87
3122.TWO,笙泉,2026-03-26,2026-04-24,2026-04-27,26.5,33.0,36.0,35.85,1830050,154964,11.81
3332.TWO,幸康,2025-10-01,2025-10-30,2025-11-03,54.7,66.0,74.3,35.83,701534,130033,5.4
6426.TW,統新,2026-02-10,2026-03-20,2026-02-26,141.0,169.0,191.5,35.82,13656919,4523948,3.02
3308.TW,聯德,2025-12-02,2025-12-30,2025-12-31,14.8,18.3,20.1,35.81,953229,53700,17.75
6239.TW,力成,2025-12-11,2026-01-05,2026-01-12,162.0,201.5,220.0,35.8,32279745,6853996,4.71
3625.TWO,西勝,2025-09-17,2025-10-07,2025-10-09,23.05,27.5,31.3,35.79,7309149,2397743,3.05
6624.TWO,萬年清,2025-10-30,2025-11-25,2025-11-27,33.4,41.9,45.35,35.78,247512,15550,15.92
2492.TW,華新科,2025-12-23,2026-01-14,2026-01-22,116.0,134.5,157.5,35.78,50946393,6696549,7.61
6209.TW,今國光,2025-10-17,2025-11-17,2025-11-17,39.55,53.7,53.7,35.78,36962603,7260955,5.09
3321.TW,同泰,2025-10-01,2025-10-03,2025-11-03,13.0,15.7,17.65,35.77,482722,50518,9.56
3057.TW,喬鼎,2025-10-15,2025-11-12,2025-11-13,12.45,15.4,16.9,35.74,1038377,122960,8.44
8103.TW,瀚荃,2025-09-16,2025-10-16,2025-10-17,60.24,74.35,81.76,35.74,11110108,1774991,6.26
8039.TW,台虹,2025-11-10,2025-11-28,2025-12-08,63.0,78.6,85.5,35.71,81448810,11256199,7.24
3229.TW,晟鈦,2025-11-06,2025-12-03,2025-12-04,14.7,18.15,19.95,35.71,353100,57319,6.16
6282.TW,康舒,2025-12-16,2026-01-12,2026-01-15,41.65,48.75,56.5,35.65,153254816,23405157,6.55
1789.TW,神隆,2025-12-10,2026-01-08,2026-01-09,17.25,22.7,23.4,35.65,2147339,461439,4.65
3430.TWO,奇鈦科,2025-12-10,2026-01-02,2026-01-09,58.1,67.4,78.8,35.63,2229595,270276,8.25
1815.TWO,富喬,2025-12-18,2026-01-16,2026-01-19,80.0,98.8,108.5,35.62,211025913,64945170,3.25
1314.TW,中石化,2025-10-07,2025-11-05,2025-11-06,7.19,8.87,9.75,35.61,259865374,14559843,17.85
8046.TW,南電,2025-12-18,2026-01-19,2026-01-19,234.5,318.0,318.0,35.61,53778089,11634053,4.62
5321.TWO,美而快,2026-04-21,2026-05-19,2026-05-20,23.75,29.3,32.2,35.58,1292834,102089,12.66
2481.TW,強茂,2025-09-22,2025-10-16,2025-10-21,72.8,85.7,98.7,35.58,129640582,31468822,4.12
3432.TW,台端,2025-12-18,2026-01-16,2026-01-19,14.2,17.5,19.25,35.56,594327,25169,23.61
2327.TW,國巨*,2025-12-18,2026-01-13,2026-01-19,218.0,260.5,295.5,35.55,88826520,26061196,3.41
6505.TW,台塑化,2025-10-14,2025-11-07,2025-11-12,40.8,50.0,55.3,35.54,22399174,5253502,4.26
6291.TWO,沛亨,2025-08-14,2025-09-04,2025-09-08,152.0,180.0,206.0,35.53,4032249,889801,4.53
3264.TWO,欣銓,2026-03-20,2026-04-09,2026-04-21,152.0,180.5,206.0,35.53,27906046,9221530,3.03
3707.TWO,漢磊,2026-03-31,2026-04-22,2026-04-30,48.85,62.8,66.2,35.52,16316187,4639756,3.52
3526.TWO,凡甲,2026-04-09,2026-05-04,2026-05-08,291.5,363.0,395.0,35.51,2265406,592199,3.83
7714.TWO,創泓科技,2025-11-11,2025-11-26,2025-11-26,115.5,156.5,156.5,35.5,705108,108710,6.49
1528.TW,恩德,2026-03-16,2026-03-31,2026-04-15,22.4,26.95,30.35,35.49,33411783,8452678,3.95
5228.TWO,鈺鎧,2026-03-12,2026-03-20,2026-04-13,21.85,25.2,29.6,35.47,915009,266845,3.43
2355.TW,敬鵬,2026-01-07,2026-01-23,2026-02-04,32.3,39.35,43.75,35.45,27366496,1637563,16.71
1308.TW,亞聚,2026-02-11,2026-03-09,2026-03-23,13.4,15.7,18.15,35.45,35153811,2289601,15.35
7711.TW,永擎,2026-03-04,2026-03-19,2026-03-23,213.0,269.5,288.5,35.45,2838362,269945,10.51
1529.TW,樂事綠能,2025-12-22,2026-01-14,2026-01-21,18.9,21.8,25.6,35.45,3784433,512578,7.38
3580.TWO,友威科,2026-04-01,2026-04-13,2026-05-04,69.7,86.0,94.4,35.44,4028945,1004370,4.01
3628.TWO,盈正,2025-08-29,2025-09-24,2025-09-26,49.85,57.7,67.5,35.41,2430558,215434,11.28
2497.TW,怡利電,2026-03-13,2026-03-30,2026-04-14,41.8,48.5,56.6,35.41,1743240,249042,7.0
4562.TW,穎漢,2026-04-02,2026-04-15,2026-05-05,29.8,37.6,40.35,35.4,4777051,219657,21.75
1721.TW,三晃,2025-11-28,2025-12-23,2025-12-29,11.3,13.1,15.3,35.4,5929717,353167,16.79
3563.TW,牧德,2026-01-26,2026-03-02,2026-03-05,503.0,627.0,681.0,35.39,3728136,1098863,3.39
3229.TW,晟鈦,2026-03-16,2026-03-24,2026-04-15,18.8,21.85,25.45,35.37,1113016,167080,6.66
3628.TWO,盈正,2025-10-07,2025-10-28,2025-11-03,73.5,97.0,99.5,35.37,8684138,2406682,3.61
2340.TW,台亞,2026-03-20,2026-04-20,2026-04-21,28.85,35.5,39.05,35.36,16631806,3890568,4.27
6217.TWO,中探針,2025-09-24,2025-10-16,2025-10-20,42.7,57.3,57.8,35.36,53935249,15440024,3.49
1526.TW,日馳,2025-12-19,2026-01-19,2026-01-20,16.7,20.55,22.6,35.33,1384318,44744,30.94
5471.TW,松翰,2026-01-21,2026-01-28,2026-03-02,34.55,40.15,46.75,35.31,4927257,338331,14.56
8906.TWO,花王,2025-11-26,2025-12-17,2025-12-24,28.6,33.75,38.7,35.31,151989,35155,4.32
3374.TWO,精材,2025-12-11,2026-01-07,2026-01-12,136.0,168.0,184.0,35.29,25344800,1545250,16.4
6456.TW,GIS-KY,2026-01-22,2026-03-02,2026-03-03,42.65,52.5,57.7,35.29,8967000,884438,10.14
9949.TWO,琉園,2025-09-01,2025-09-17,2025-09-30,17.0,19.95,23.0,35.29,93083,11197,8.31
2492.TW,華新科,2025-10-02,2025-10-23,2025-10-28,102.0,123.0,138.0,35.29,76549180,13729381,5.58
2449.TW,京元電子,2025-08-20,2025-09-01,2025-09-10,127.5,158.5,172.5,35.29,141085944,35543408,3.97
3221.TWO,台嘉碩,2025-12-16,2026-01-13,2026-01-15,20.55,23.75,27.8,35.28,1664261,265563,6.27
7721.TW,微程式,2026-03-03,2026-03-30,2026-03-31,54.7,67.3,74.0,35.28,889469,156691,5.68
2376.TW,技嘉,2026-04-07,2026-04-15,2026-05-06,222.5,279.0,301.0,35.28,25512932,5966722,4.28
5475.TWO,德宏,2025-11-11,2025-12-09,2025-12-09,61.5,83.2,83.2,35.28,11581525,3667598,3.16
3491.TWO,昇達科,2025-11-10,2025-12-08,2025-12-08,429.5,581.0,581.0,35.27,4900090,1501825,3.26
3714.TW,富采,2026-02-06,2026-03-12,2026-03-17,35.6,43.65,48.15,35.25,21224046,5274617,4.02
3535.TW,晶彩科,2026-01-12,2026-01-20,2026-01-20,85.4,115.5,115.5,35.25,21827718,6407854,3.41
6425.TWO,易發,2025-09-04,2025-10-03,2025-10-03,52.5,71.0,71.0,35.24,9054544,1045452,8.66
4529.TWO,淳紳,2026-03-24,2026-04-22,2026-04-23,3.35,4.12,4.53,35.22,367000,39085,9.39
8162.TW,微矽電子-創,2026-03-24,2026-04-22,2026-04-23,38.9,47.85,52.6,35.22,1966480,268008,7.34
4971.TWO,IET-KY,2025-12-05,2025-12-12,2026-01-02,230.0,270.0,311.0,35.22,16515955,4644674,3.56
5481.TWO,新華,2025-11-18,2025-11-27,2025-12-09,17.75,20.5,24.0,35.21,2539577,558106,4.55
2460.TW,建通,2026-02-02,2026-02-10,2026-02-24,21.45,25.0,29.0,35.2,2470810,621259,3.98
2363.TW,矽統,2026-04-13,2026-04-17,2026-05-12,46.75,54.4,63.2,35.19,39211083,2917133,13.44
5522.TW,遠雄,2025-11-20,2025-12-17,2025-12-18,58.3,71.8,78.8,35.16,9378571,981371,9.56
6588.TWO,東典光電,2025-12-09,2025-12-12,2025-12-23,38.4,46.75,51.9,35.16,3875074,646823,5.99
6244.TWO,茂迪,2026-01-08,2026-02-05,2026-02-05,21.9,29.6,29.6,35.16,74129652,17592070,4.21
8472.TWO,夠麻吉,2026-02-04,2026-03-12,2026-03-13,58.9,72.9,79.6,35.14,174000,14455,12.04
8048.TWO,德勝,2025-10-23,2025-11-20,2025-11-21,46.7,58.8,63.1,35.12,3291027,202758,16.23
3044.TW,健鼎,2026-03-27,2026-04-27,2026-04-27,359.0,485.0,485.0,35.1,11084260,3626130,3.06
3016.TW,嘉晶,2026-03-27,2026-04-21,2026-04-22,57.0,70.1,77.0,35.09,7818669,2229095,3.51
4764.TW,雙鍵,2025-09-17,2025-10-17,2025-10-20,40.05,49.2,54.1,35.08,50555,13684,3.69
3162.TWO,精確,2025-08-14,2025-08-26,2025-08-28,50.2,58.7,67.8,35.06,14561353,1237228,11.77
6533.TW,晶心科,2026-03-19,2026-04-17,2026-04-17,174.0,235.0,235.0,35.06,4191586,588987,7.12
4755.TW,三福化,2026-02-03,2026-03-13,2026-03-13,125.5,169.5,169.5,35.06,4131651,696740,5.93
6425.TWO,易發,2025-11-18,2025-11-24,2025-12-12,63.7,75.3,86.0,35.01,3125200,820142,3.81
3349.TWO,寶德,2025-10-31,2025-11-24,2025-11-28,20.0,24.95,27.0,35.0,1538320,118327,13.0
3437.TW,榮創,2026-03-23,2026-04-17,2026-04-20,22.15,27.2,29.9,34.99,14308294,3072076,4.66
2399.TW,映泰,2025-09-23,2025-10-09,2025-10-27,19.3,23.15,26.05,34.97,26178815,1532644,17.08
6446.TW,藥華藥,2025-12-26,2026-01-16,2026-01-26,489.0,587.0,660.0,34.97,9307526,1354769,6.87
6133.TW,金橋,2025-12-30,2026-01-26,2026-01-28,21.45,25.5,28.95,34.97,19708514,6146585,3.21
3533.TW,嘉澤,2026-01-21,2026-02-03,2026-02-25,1330.0,1605.0,1795.0,34.96,3880399,1029888,3.77
5386.TWO,青雲,2026-03-26,2026-04-16,2026-04-15,289.0,355.0,390.0,34.95,5024750,805993,6.23
1802.TW,台玻,2026-01-29,2026-03-03,2026-03-02,49.8,63.7,67.2,34.94,364056582,117371715,3.1
5452.TWO,佶優,2025-12-03,2025-12-29,2026-01-02,22.9,26.7,30.9,34.93,2844952,337514,8.43
4977.TW,眾達-KY,2025-11-12,2025-11-28,2025-12-10,104.5,124.0,141.0,34.93,16989586,2995801,5.67
2466.TW,冠西電,2025-11-25,2025-12-08,2025-12-22,49.95,59.1,67.4,34.93,2416000,790950,3.05
6919.TW,康霈*,2026-03-26,2026-04-08,2026-04-08,85.6,115.5,115.5,34.93,28114940,9247500,3.04
4127.TWO,天良,2025-12-26,2026-01-22,2026-01-26,29.5,35.25,39.8,34.92,580100,26812,21.64
3710.TWO,連展投控,2026-03-20,2026-03-30,2026-04-21,6.13,7.09,8.27,34.91,3053271,327482,9.32
2338.TW,光罩,2026-01-23,2026-03-02,2026-03-02,40.1,54.1,54.1,34.91,15186855,2390311,6.35
8039.TW,台虹,2025-08-14,2025-08-29,2025-09-11,48.2,56.9,65.0,34.85,14154444,3484202,4.06
5469.TW,瀚宇博,2025-08-22,2025-08-29,2025-09-19,72.3,89.8,97.5,34.85,23419795,6568503,3.57
7777.TWO,能率亞洲,2026-04-16,2026-05-13,2026-05-15,26.55,31.05,35.8,34.84,3886933,675719,5.75
6620.TWO,漢達,2025-09-18,2025-10-01,2025-10-13,110.5,138.5,149.0,34.84,2295247,703280,3.26
3066.TWO,李洲,2026-02-04,2026-03-06,2026-03-16,14.5,17.15,19.55,34.83,1268598,173838,7.3
4967.TW,十銓,2026-02-10,2026-03-19,2026-03-19,201.0,271.0,271.0,34.83,32404681,10414724,3.11
6781.TW,AES-KY,2026-04-10,2026-04-27,2026-05-11,979.0,1225.0,1320.0,34.83,3539939,1149010,3.08
2243.TW,宏旭-KY,2026-02-02,2026-03-12,2026-03-12,11.35,15.3,15.3,34.8,854000,231200,3.69
5351.TWO,鈺創,2026-04-15,2026-05-14,2026-05-14,67.9,91.5,91.5,34.76,69768738,20381045,3.42
6781.TW,AES-KY,2025-10-20,2025-11-03,2025-11-18,1050.0,1285.0,1415.0,34.76,4026391,1292216,3.12
2481.TW,強茂,2025-08-14,2025-08-26,2025-09-05,54.1,65.2,72.9,34.75,27690040,2163237,12.8
4973.TWO,廣穎電通,2025-08-20,2025-09-15,2025-09-17,23.75,27.5,32.0,34.74,2708182,130950,20.68
3276.TWO,宇環,2025-08-14,2025-08-19,2025-08-20,13.1,16.05,17.65,34.73,1962987,62993,31.16
3031.TW,佰鴻,2026-03-10,2026-03-17,2026-04-09,19.15,23.0,25.8,34.73,6734674,380591,17.7
4979.TWO,華星光,2025-11-11,2025-11-27,2025-12-09,191.5,224.0,258.0,34.73,53950346,9691961,5.57
6944.TW,兆聯實業,2025-11-19,2025-12-17,2025-12-17,524.0,706.0,706.0,34.73,3253701,904216,3.6
2236.TW,百達-KY,2025-11-13,2025-12-09,2025-12-10,85.35,112.51,115.0,34.73,2140299,693658,3.09
2340.TW,台亞,2025-08-20,2025-09-15,2025-09-17,21.6,27.25,29.1,34.72,7407495,1533876,4.83
3228.TWO,金麗科,2026-03-20,2026-04-20,2026-04-21,124.0,152.0,167.0,34.68,1162294,376998,3.08
2049.TW,上銀,2026-03-20,2026-04-14,2026-04-21,223.5,275.0,301.0,34.68,18008404,5880531,3.06
6854.TW,錼創科技-KY創,2026-01-21,2026-02-26,2026-02-26,112.5,151.5,151.5,34.67,2104176,514065,4.09
6597.TWO,立誠,2025-10-20,2025-11-11,2025-11-17,58.0,68.3,78.1,34.66,76010,10545,7.21
7768.TW,頌勝科技,2025-12-17,2026-01-13,2026-01-16,177.5,211.0,239.0,34.65,780511,68983,11.31
8096.TWO,擎亞,2025-09-25,2025-10-29,2025-10-29,43.0,57.9,57.9,34.65,28871623,8204700,3.52
3430.TWO,奇鈦科,2025-08-28,2025-09-15,2025-09-25,48.35,56.0,65.1,34.64,1820013,360144,5.05
6538.TWO,倉和,2026-04-17,2026-05-15,2026-05-18,72.5,88.8,97.6,34.62,1471250,175836,8.37
6499.TWO,益安,2026-02-06,2026-03-18,2026-03-18,91.0,122.5,122.5,34.62,5631635,798151,7.06
3028.TW,增你強,2026-01-06,2026-02-02,2026-02-03,41.3,50.6,55.6,34.62,10950350,3378866,3.24
6894.TWO,衛司特,2026-01-21,2026-02-23,2026-03-02,222.5,259.0,299.5,34.61,559031,160426,3.48
4934.TW,太極,2026-01-05,2026-01-21,2026-01-26,13.3,16.65,17.9,34.59,5058220,1012169,5.0
2337.TW,旺宏,2025-08-21,2025-09-16,2025-09-18,20.1,23.6,27.05,34.58,84150584,8479303,9.92
3032.TW,偉訓,2026-04-14,2026-05-07,2026-05-13,61.3,71.7,82.5,34.58,2825495,570072,4.96
2241.TW,艾姆勒,2025-09-09,2025-10-01,2025-10-09,25.45,31.45,34.25,34.58,1472306,404934,3.64
2478.TW,大毅,2025-09-16,2025-09-24,2025-10-17,43.25,51.3,58.2,34.57,4562740,140655,32.44
1528.TW,恩德,2025-11-27,2025-12-24,2025-12-26,14.9,18.25,20.05,34.56,35798418,3432813,10.43
2314.TW,台揚,2025-11-04,2025-11-12,2025-11-13,18.95,25.15,25.5,34.56,1321443,190306,6.94
5228.TWO,鈺鎧,2025-12-12,2026-01-09,2026-01-13,18.95,22.25,25.5,34.56,560149,107261,5.22
6739.TWO,竹陞科技,2026-01-08,2026-01-30,2026-01-30,706.0,950.0,950.0,34.56,1760011,545629,3.23
5291.TWO,邑昇,2025-12-10,2026-01-06,2026-01-09,27.5,34.1,37.0,34.55,2794932,218758,12.78
6133.TW,金橋,2025-11-17,2025-12-04,2025-12-15,16.5,19.05,22.2,34.55,4665325,473090,9.86
3088.TWO,艾訊,2026-03-31,2026-04-14,2026-04-30,80.3,92.6,108.0,34.5,2124062,375419,5.66
4556.TWO,旭然,2025-12-16,2026-01-14,2026-01-15,23.2,28.4,31.2,34.48,284040,17659,16.08
8422.TW,可寧衛*,2025-12-02,2025-12-29,2025-12-31,23.5,29.3,31.6,34.47,91689289,16446827,5.57
5498.TWO,凱崴,2026-03-20,2026-04-21,2026-04-21,61.8,83.1,83.1,34.47,50052447,12868721,3.89
3583.TW,辛耘,2026-02-06,2026-02-24,2026-03-18,310.5,359.0,417.5,34.46,3253717,755726,4.31
2476.TW,鉅祥,2025-08-14,2025-08-29,2025-09-10,87.4,102.5,117.5,34.44,18945614,4567471,4.15
6150.TWO,撼訊,2026-04-13,2026-05-06,2026-05-07,54.0,66.0,72.6,34.44,934514,257410,3.63
4906.TW,正文,2026-02-10,2026-03-17,2026-03-20,25.85,31.6,34.75,34.43,19891842,4490763,4.43
3081.TWO,聯亞,2025-12-26,2026-01-21,2026-01-26,607.0,770.0,816.0,34.43,12205651,3162924,3.86
1605.TW,華新,2025-12-11,2026-01-07,2026-01-07,29.5,39.65,39.65,34.41,263581613,75679034,3.48
6187.TWO,萬潤,2026-01-19,2026-02-24,2026-02-25,370.5,467.5,498.0,34.41,7546449,2184836,3.45
3494.TW,誠研,2025-12-22,2026-01-20,2026-01-21,8.11,9.93,10.9,34.4,1382067,401790,3.44
1605.TW,華新,2025-09-08,2025-09-30,2025-10-08,22.25,25.95,29.9,34.38,122020881,28835275,4.23
3437.TW,榮創,2026-02-04,2026-03-13,2026-03-16,15.85,19.4,21.3,34.38,5628692,1808157,3.11
8048.TWO,德勝,2026-03-27,2026-04-21,2026-04-21,54.7,73.5,73.5,34.37,7250790,1627951,4.45
8112.TW,至上,2026-03-05,2026-03-12,2026-03-18,70.4,89.2,94.6,34.37,77909126,25671775,3.03
7792.TWO,安葆,2025-12-17,2026-01-16,2026-01-16,211.0,283.5,283.5,34.36,675504,35780,18.88
2702.TW,華園,2026-03-12,2026-04-09,2026-04-13,11.5,14.3,15.45,34.35,824539,66807,12.34
4571.TW,鈞興-KY,2026-04-02,2026-04-23,2026-05-05,148.5,176.5,199.5,34.34,1989494,245644,8.1
3498.TWO,陽程,2026-01-30,2026-03-03,2026-03-11,49.8,60.5,66.9,34.34,6431255,1570761,4.09
6546.TWO,正基,2026-01-22,2026-03-02,2026-03-03,67.0,81.9,90.0,34.33,5792217,387007,14.97
2342.TW,茂矽,2025-12-23,2026-01-07,2026-01-22,29.0,36.15,38.95,34.31,16514755,1356838,12.17
6568.TWO,宏觀,2025-11-19,2025-12-15,2025-12-17,95.3,112.5,128.0,34.31,325125,78469,4.14
3684.TWO,榮昌,2026-02-02,2026-02-25,2026-03-02,52.2,66.0,70.1,34.29,1325234,92446,14.34
4563.TWO,百德,2025-12-19,2026-01-05,2026-01-19,42.45,49.1,57.0,34.28,1112013,123380,9.01
3224.TWO,三顧,2026-04-08,2026-04-21,2026-04-29,39.1,46.45,52.5,34.27,438906,45807,9.58
8227.TWO,巨有科技,2026-03-23,2026-04-20,2026-04-22,124.0,144.5,166.5,34.27,1263688,352630,3.58
2605.TW,新興,2025-11-06,2025-12-01,2025-12-04,23.5,27.35,31.55,34.26,24420735,7729084,3.16
6415.TW,矽力*-KY,2025-12-22,2026-01-09,2026-01-21,200.0,236.5,268.5,34.25,19283355,3606336,5.35
5484.TW,慧友,2026-03-09,2026-03-12,2026-04-01,33.3,40.9,44.7,34.23,1489116,278120,5.35
1608.TW,華榮,2025-10-14,2025-11-05,2025-11-05,29.95,40.2,40.2,34.22,114439621,10057906,11.38
3550.TW,聯穎,2026-01-12,2026-02-06,2026-02-09,15.35,18.75,20.6,34.2,14553531,2238044,6.5
2492.TW,華新科,2025-08-27,2025-09-19,2025-09-24,81.6,95.7,109.5,34.19,9504267,1072974,8.86
6451.TW,訊芯-KY,2026-01-07,2026-02-04,2026-02-04,155.0,208.0,208.0,34.19,10359074,1807453,5.73
7822.TW,倍利科,2025-11-28,2025-12-26,2025-12-29,585.0,714.0,785.0,34.19,1387280,257327,5.39
3563.TW,牧德,2025-08-14,2025-08-27,2025-08-29,475.5,569.0,638.0,34.17,5706672,1044726,5.46
2061.TWO,風青,2026-04-10,2026-04-28,2026-05-11,16.4,19.45,22.0,34.15,2884009,132740,21.73
6168.TW,宏齊,2025-08-14,2025-09-01,2025-09-02,18.3,22.95,24.55,34.15,1904373,430030,4.43
4108.TW,懷特,2025-08-14,2025-08-27,2025-09-09,12.9,14.95,17.3,34.11,1115270,105782,10.54
8110.TW,華東,2025-08-21,2025-09-08,2025-09-18,13.05,15.1,17.5,34.1,18102079,1352173,13.39
3499.TWO,環天科,2025-11-25,2025-12-01,2025-12-23,13.2,15.8,17.7,34.09,677100,38901,17.41
7828.TWO,創新服務,2025-11-27,2025-12-17,2025-12-26,372.5,452.0,499.5,34.09,665110,139681,4.76
2327.TW,國巨*,2026-03-31,2026-04-13,2026-04-28,243.5,303.5,326.5,34.09,95999683,24658425,3.89
6658.TW,聯策,2026-02-03,2026-03-12,2026-03-13,51.7,64.6,69.3,34.04,1561458,307794,5.07
6488.TWO,環球晶,2025-08-21,2025-09-16,2025-09-18,366.0,449.5,490.5,34.02,18117871,3122949,5.8
4543.TWO,萬在,2026-04-08,2026-04-16,2026-05-04,31.6,37.4,42.35,34.02,4059440,743609,5.46
3576.TW,聯合再生,2025-11-18,2025-12-15,2025-12-16,6.35,7.74,8.51,34.02,27568615,7479990,3.69
3555.TWO,博士旺,2025-09-03,2025-10-02,2025-10-02,54.1,72.5,72.5,34.01,938582,215337,4.36
2201.TW,裕隆,2025-10-16,2025-11-14,2025-11-14,32.35,43.35,43.35,34.0,69348342,2664079,26.03
2402.TW,毅嘉,2026-03-12,2026-04-10,2026-04-13,50.3,61.3,67.4,34.0,28601931,8810543,3.25
6548.TWO,長科*,2026-03-23,2026-04-17,2026-04-22,45.6,54.7,61.1,33.99,22475646,5149500,4.36
4722.TW,國精化,2026-04-09,2026-05-07,2026-05-08,176.5,215.0,236.5,33.99,7001424,1834675,3.82
6259.TWO,百徽,2026-03-17,2026-04-13,2026-04-16,18.1,21.0,24.25,33.98,793744,59194,13.41
6417.TWO,韋僑,2026-04-09,2026-04-16,2026-05-08,103.0,121.0,138.0,33.98,370096,105356,3.51
7402.TWO,邑錡,2025-11-17,2025-11-26,2025-11-27,103.0,130.0,138.0,33.98,3374108,1084150,3.11
4768.TWO,晶呈科技,2025-11-18,2025-12-15,2025-12-16,210.5,271.5,282.0,33.97,3700126,950257,3.89
6770.TW,力積電,2025-09-24,2025-10-01,2025-10-28,23.85,27.9,31.95,33.96,403911055,105559587,3.83
6129.TWO,普誠,2026-01-05,2026-01-21,2026-01-22,13.55,16.5,18.15,33.95,1735400,241992,7.17
6706.TW,惠特,2025-08-22,2025-09-18,2025-09-19,59.5,78.9,79.7,33.95,14309753,2579605,5.55
4577.TWO,達航科技,2025-09-02,2025-09-10,2025-09-17,29.6,37.5,39.65,33.95,6296210,1307613,4.82
4768.TWO,晶呈科技,2026-01-26,2026-03-03,2026-03-02,381.5,505.0,511.0,33.94,5605639,1790217,3.13
4923.TWO,力士,2025-12-22,2026-01-16,2026-01-21,28.9,34.2,38.7,33.91,870255,33961,25.62
5345.TWO,馥鴻,2025-08-20,2025-09-05,2025-09-08,20.95,25.5,28.05,33.89,115335,6076,18.98
6494.TWO,九齊,2026-01-16,2026-02-10,2026-02-24,36.15,41.65,48.4,33.89,571012,61965,9.21
6840.TWO,東研信超,2025-12-19,2026-01-19,2026-01-20,60.5,76.2,81.0,33.88,2013822,58125,34.65
8068.TWO,全達,2025-11-28,2025-12-26,2025-12-29,18.15,22.1,24.3,33.88,1724300,199930,8.62
6720.TWO,久昌,2025-12-26,2026-01-23,2026-01-26,124.0,152.5,166.0,33.87,381498,34373,11.1
8088.TWO,品安,2025-08-18,2025-09-08,2025-09-15,31.0,36.5,41.5,33.87,5260167,1288070,4.08
6874.TWO,倍力,2026-02-03,2026-03-10,2026-03-13,62.0,74.1,83.0,33.87,97000,25177,3.85
3265.TWO,台星科,2025-12-02,2025-12-11,2025-12-31,94.5,112.5,126.5,33.86,4567752,739666,6.18
5328.TWO,華容,2025-10-16,2025-10-21,2025-11-13,15.95,19.8,21.35,33.86,60463190,10828196,5.58
3272.TWO,東碩,2026-03-31,2026-04-20,2026-04-21,15.8,19.25,21.15,33.86,228100,44503,5.13
3663.TWO,鑫科,2025-12-03,2025-12-26,2026-01-02,45.35,52.4,60.7,33.85,3219250,339304,9.49
8477.TWO,創業家,2026-04-14,2026-05-12,2026-05-13,13.15,16.5,17.6,33.84,325000,44457,7.31
9955.TW,佳龍,2025-12-16,2026-01-13,2026-01-14,30.3,36.9,40.55,33.83,11987187,883060,13.57
6218.TWO,豪勉,2026-03-09,2026-04-07,2026-04-08,23.5,28.6,31.45,33.83,2455960,291836,8.42
6129.TWO,普誠,2025-08-14,2025-09-01,2025-09-03,13.75,18.15,18.4,33.82,4889923,640220,7.64
3006.TW,晶豪科,2025-08-22,2025-09-05,2025-09-19,54.7,63.3,73.2,33.82,10403462,2253264,4.62
3131.TWO,弘塑,2025-12-18,2026-01-05,2026-01-14,1375.0,1765.0,1840.0,33.82,2465130,807352,3.05
1517.TW,利奇,2025-09-11,2025-10-09,2025-10-14,10.65,12.5,14.25,33.8,2498589,303105,8.24
1587.TW,吉茂,2025-11-25,2025-12-17,2025-12-22,42.45,49.7,56.8,33.8,7723031,945318,8.17
1735.TW,日勝化,2025-11-25,2025-12-22,2025-12-23,14.5,17.65,19.4,33.79,778008,14220,54.71
4916.TW,事欣科,2026-04-21,2026-05-20,2026-05-20,67.2,89.9,89.9,33.78,36719660,6064117,6.06
3092.TW,鴻碩,2025-11-27,2025-12-24,2025-12-26,14.95,18.2,20.0,33.78,2249883,731773,3.07
6641.TW,基士德-KY,2025-12-15,2026-01-13,2026-01-14,19.25,23.45,25.75,33.77,455000,24639,18.47
6789.TW,采鈺,2025-08-14,2025-09-05,2025-09-08,241.5,298.0,323.0,33.75,9866141,1277459,7.72
3508.TWO,位速,2026-01-07,2026-02-03,2026-02-04,24.0,29.2,32.1,33.75,1333301,174559,7.64
3680.TWO,家登,2025-12-18,2026-01-02,2026-01-06,320.0,371.0,428.0,33.75,5453438,1455531,3.75
1587.TW,吉茂,2025-08-21,2025-09-08,2025-09-18,32.9,38.15,44.0,33.74,2452163,403919,6.07
3221.TWO,台嘉碩,2026-01-22,2026-01-30,2026-03-02,25.5,30.1,34.1,33.73,22449291,2366302,9.49
5274.TWO,信驊,2025-10-31,2025-11-24,2025-11-28,5470.0,6405.0,7315.0,33.73,2864106,349007,8.21
2303.TW,聯電,2025-12-19,2026-01-16,2026-01-20,50.7,58.5,67.8,33.73,304570619,55733137,5.46
6227.TWO,茂綸,2026-04-16,2026-05-14,2026-05-15,93.1,113.5,124.5,33.73,2594513,692468,3.75
4157.TWO,太景*-KY,2025-11-14,2025-12-03,2025-12-12,9.46,11.05,12.65,33.72,5717668,1731340,3.3
3094.TW,聯傑,2026-04-07,2026-04-22,2026-05-06,22.7,27.8,30.35,33.7,5605170,225620,24.84
2429.TW,銘旺科,2026-03-25,2026-04-24,2026-04-24,45.55,60.9,60.9,33.7,4469753,382192,11.7
3709.TWO,鑫聯大投控,2025-11-07,2025-11-13,2025-11-17,46.9,60.3,62.7,33.69,13258779,4209552,3.15
3537.TWO,堡達,2025-09-25,2025-10-22,2025-10-29,38.9,46.85,52.0,33.68,3815094,175457,21.74
3268.TWO,海德威,2026-04-08,2026-04-13,2026-05-07,14.55,17.15,19.45,33.68,835120,62479,13.37
3605.TW,宏致,2026-03-24,2026-04-21,2026-04-23,58.2,70.86,77.8,33.68,9038070,1555194,5.81
6442.TW,光聖,2025-10-15,2025-10-28,2025-11-13,778.0,946.0,1040.0,33.68,13175265,3683972,3.58
4556.TWO,旭然,2026-03-25,2026-04-22,2026-04-24,29.55,34.15,39.5,33.67,776060,93361,8.31
8358.TWO,金居,2025-09-01,2025-09-12,2025-09-10,196.0,233.5,262.0,33.67,136055707,39298903,3.46
2428.TW,興勤,2025-09-19,2025-09-24,2025-10-22,153.0,176.5,204.5,33.66,7543814,553951,13.62
2493.TW,揚博,2026-03-13,2026-04-13,2026-04-14,104.0,130.5,139.0,33.65,6370982,1163578,5.48
2375.TW,凱美,2025-08-27,2025-09-19,2025-09-24,60.1,73.1,80.3,33.61,27080497,419808,64.51
4127.TWO,天良,2026-04-13,2026-05-11,2026-05-12,36.0,43.75,48.1,33.61,1039210,45453,22.86
3062.TW,建漢,2026-03-04,2026-03-30,2026-04-01,24.4,30.7,32.6,33.61,80257062,4850756,16.55
2486.TW,一詮,2026-03-09,2026-03-18,2026-03-18,122.0,163.0,163.0,33.61,32067931,10426243,3.08
2465.TW,麗臺,2026-03-04,2026-03-18,2026-03-19,49.25,63.8,65.8,33.6,2402085,306572,7.84
6246.TWO,臺龍,2026-02-06,2026-03-11,2026-03-13,12.5,14.75,16.7,33.6,472024,64102,7.36
1455.TW,集盛,2025-12-29,2026-01-26,2026-01-27,7.71,9.68,10.3,33.59,2454369,267786,9.17
2941.TWO,米斯特,2025-08-21,2025-09-18,2025-09-18,51.8,69.2,69.2,33.59,194013,22052,8.8
8240.TWO,華宏,2026-03-24,2026-04-23,2026-04-23,54.5,72.8,72.8,33.58,18913690,2716018,6.96
6919.TW,康霈*,2025-11-07,2025-12-05,2025-12-04,137.0,167.5,183.0,33.58,44341300,9485004,4.67
8074.TWO,鉅橡,2025-10-28,2025-11-12,2025-11-25,27.85,32.25,37.2,33.57,6430808,1606453,4.0
6209.TW,今國光,2026-01-09,2026-01-27,2026-01-27,59.0,78.8,78.8,33.56,40417080,13332590,3.03
8104.TW,錸寶,2026-01-02,2026-01-15,2026-01-30,31.45,37.1,42.0,33.55,11640899,1736704,6.7
6233.TWO,旺玖,2026-02-09,2026-02-25,2026-03-18,22.8,27.2,30.45,33.55,3237444,637792,5.08
6202.TW,盛群,2026-04-02,2026-04-21,2026-04-22,45.3,57.1,60.5,33.55,9475782,3129294,3.03
6265.TWO,方土昶,2025-11-21,2025-12-08,2025-12-18,16.25,19.4,21.7,33.54,15869350,4927166,3.22
3550.TW,聯穎,2026-04-02,2026-04-30,2026-05-05,17.6,21.3,23.5,33.52,13806165,3296514,4.19
2025.TW,千興,2025-12-09,2026-01-02,2026-01-08,9.7,11.3,12.95,33.51,2164298,128011,16.91
6234.TWO,高僑,2026-03-23,2026-04-14,2026-04-22,28.65,34.35,38.25,33.51,4965971,592116,8.39
3095.TWO,及成,2025-08-19,2025-08-25,2025-08-26,22.7,30.1,30.3,33.48,163359,15087,10.83
6167.TWO,久正,2026-02-05,2026-03-16,2026-03-17,11.95,14.5,15.95,33.47,5120877,345417,14.83
5508.TWO,永信建,2025-08-15,2025-09-05,2025-09-12,72.0,89.2,96.1,33.47,7564495,828139,9.13
3443.TW,創意,2025-09-26,2025-10-08,2025-10-21,1255.0,1485.0,1675.0,33.47,8006964,2217688,3.61
6271.TW,同欣電,2026-03-31,2026-04-15,2026-04-21,140.5,183.0,187.5,33.45,24778313,4475711,5.54
3036.TW,文曄,2026-01-23,2026-03-04,2026-03-04,146.5,195.5,195.5,33.45,30871111,7489951,4.12
2342.TW,茂矽,2025-10-14,2025-10-23,2025-10-22,28.7,36.0,38.3,33.45,32025073,8838143,3.62
2939.TW,永邑-KY,2026-02-02,2026-02-05,2026-03-12,20.35,24.2,27.15,33.42,305005,41402,7.37
8047.TWO,星雲,2026-02-26,2026-03-09,2026-03-27,44.9,55.0,59.9,33.41,825100,107267,7.69
6494.TWO,九齊,2026-03-30,2026-04-13,2026-04-22,43.7,52.3,58.3,33.41,917444,199974,4.59
1711.TW,永光,2026-01-23,2026-02-24,2026-03-03,21.85,27.8,29.15,33.41,60475319,16917344,3.57
4540.TW,全球傳動,2026-03-20,2026-04-14,2026-04-21,44.3,51.9,59.1,33.41,10605598,3000544,3.53
8358.TWO,金居,2026-03-16,2026-04-15,2026-04-15,250.0,333.5,333.5,33.4,81540391,14602725,5.58
3257.TW,虹冠電,2025-08-20,2025-09-04,2025-09-12,58.4,68.2,77.9,33.39,11559741,469110,24.64
1717.TW,長興,2026-03-23,2026-04-10,2026-04-22,62.0,80.0,82.7,33.39,217208511,40229117,5.4
3016.TW,嘉晶,2025-08-18,2025-09-04,2025-09-15,36.85,43.3,49.15,33.38,5387412,1013869,5.31
3234.TWO,光環,2025-11-19,2025-11-27,2025-12-03,35.35,42.1,47.15,33.38,5189750,1417225,3.66
5276.TWO,達輝-KY,2026-03-25,2026-04-23,2026-04-24,15.15,18.4,20.2,33.33,195200,6001,32.53
6143.TWO,振曜,2025-08-14,2025-09-03,2025-09-09,114.0,138.5,152.0,33.33,10487056,1117794,9.38
6271.TW,同欣電,2026-01-16,2026-01-23,2026-02-24,129.0,153.0,172.0,33.33,28355047,3566238,7.95
4707.TWO,磐亞,2026-03-16,2026-04-10,2026-04-15,10.65,12.6,14.2,33.33,4580221,712972,6.42
6875.TWO,國邑*,2025-09-24,2025-10-17,2025-10-28,45.6,53.9,60.8,33.33,531410,87036,6.11
8150.TW,南茂,2025-12-15,2026-01-12,2026-01-14,44.55,59.2,59.4,33.33,175710852,30469155,5.77
4130.TWO,健亞,2025-10-30,2025-11-07,2025-11-10,18.75,22.9,25.0,33.33,2810006,522026,5.38
4991.TWO,環宇-KY,2025-09-26,2025-10-29,2025-10-29,132.0,176.0,176.0,33.33,32256745,7554966,4.27
4576.TW,大銀微系統,2026-04-15,2026-05-04,2026-05-12,193.5,233.0,258.0,33.33,18672160,4471139,4.18
3581.TWO,博磊,2025-09-03,2025-10-01,2025-10-02,41.25,50.0,55.0,33.33,5323386,1439716,3.7
6727.TWO,亞泰金屬,2025-11-17,2025-12-05,2025-12-15,147.0,179.0,196.0,33.33,1181000,387724,3.05
8046.TW,南電,2025-08-15,2025-08-28,2025-08-28,169.5,226.0,226.0,33.33,60456441,20045189,3.02
6139.TW,亞翔,2025-09-30,2025-10-09,2025-10-31,359.0,433.5,478.5,33.29,16843121,5506365,3.06
8111.TWO,立碁,2026-03-24,2026-04-17,2026-04-21,60.7,79.2,80.9,33.28,16203235,3757119,4.31
3234.TWO,光環,2026-01-05,2026-01-23,2026-01-29,46.0,52.9,61.3,33.26,13221278,2436013,5.43
8215.TW,明基材,2026-03-31,2026-04-20,2026-04-17,21.95,26.55,29.25,33.26,13002135,3892716,3.34
2408.TW,南亞科,2025-08-18,2025-09-12,2025-09-15,47.35,57.4,63.1,33.26,186640192,59160557,3.15
2375.TW,凱美,2025-10-02,2025-10-20,2025-10-27,77.3,95.2,103.0,33.25,53463111,11895609,4.49
8021.TW,尖點,2026-02-09,2026-03-19,2026-02-25,198.5,260.0,264.5,33.25,39631090,11499906,3.45
8085.TWO,福華,2025-09-02,2025-09-10,2025-09-16,17.3,20.35,23.05,33.24,3809000,411409,9.26
8131.TW,福懋科,2025-11-04,2025-11-10,2025-11-13,36.25,44.3,48.3,33.24,21783664,3951814,5.51
6903.TWO,巨漢,2025-11-19,2025-12-15,2025-12-17,167.0,200.5,222.5,33.23,2615005,311349,8.4
6517.TWO,保勝光學,2025-12-15,2025-12-26,2026-01-14,59.9,69.2,79.8,33.22,1496301,171533,8.72
4973.TWO,廣穎電通,2025-09-26,2025-10-03,2025-10-16,28.9,34.95,38.5,33.22,12129313,2697518,4.5
3504.TW,揚明光,2026-03-23,2026-04-20,2026-04-21,55.7,71.6,74.2,33.21,6413111,1181454,5.43
3588.TW,通嘉,2026-03-23,2026-04-20,2026-04-22,49.7,59.9,66.2,33.2,2321602,307111,7.56
3211.TWO,順達,2025-11-24,2025-12-17,2025-12-22,257.5,304.5,343.0,33.2,16748091,4488213,3.73
3362.TWO,先進光,2025-12-23,2026-01-16,2026-01-22,91.6,110.0,122.0,33.19,2003286,326258,6.14
6127.TWO,九豪,2025-10-02,2025-10-20,2025-10-21,23.95,29.0,31.9,33.19,9242192,2913673,3.17
3438.TWO,類比科,2025-11-18,2025-11-28,2025-12-03,43.1,51.6,57.4,33.18,843051,115067,7.33
2368.TW,金像電,2025-10-14,2025-11-03,2025-11-12,411.5,493.0,548.0,33.17,26514796,7002482,3.79
6903.TWO,巨漢,2026-03-17,2026-04-13,2026-04-13,303.0,403.5,403.5,33.17,5837589,1745558,3.34
3701.TW,大眾控,2025-08-14,2025-08-22,2025-08-29,36.2,43.0,48.2,33.15,7269699,382496,19.01
6218.TWO,豪勉,2025-11-24,2025-12-16,2025-12-22,17.95,20.95,23.9,33.15,484090,74398,6.51
6552.TW,易華電,2026-01-05,2026-01-28,2026-02-02,25.2,30.15,33.55,33.13,765521,75943,10.08
6449.TW,鈺邦,2025-09-09,2025-09-17,2025-10-08,166.0,191.0,221.0,33.13,16336201,3843633,4.25
3693.TWO,營邦,2025-09-23,2025-10-23,2025-10-27,246.0,298.0,327.5,33.13,1165598,293429,3.97
8150.TW,南茂,2025-10-14,2025-10-28,2025-11-12,30.05,35.6,40.0,33.11,41028921,5787049,7.09
3441.TWO,聯一光電,2026-04-07,2026-04-21,2026-05-06,29.9,35.7,39.8,33.11,934500,188625,4.95
3707.TWO,漢磊,2025-08-14,2025-09-04,2025-09-08,43.35,54.2,57.7,33.1,28760496,4993064,5.76
6903.TWO,巨漢,2025-12-29,2026-01-14,2026-01-20,217.5,286.0,289.5,33.1,6935910,1822793,3.81
1582.TW,信錦,2026-01-30,2026-03-04,2026-03-06,68.0,81.4,90.5,33.09,16629452,1521436,10.93
3624.TWO,光頡,2026-04-15,2026-05-12,2026-05-14,55.0,66.3,73.2,33.09,14372727,1487102,9.66
5452.TWO,佶優,2026-01-12,2026-01-19,2026-01-19,27.8,37.0,37.0,33.09,18254473,2785285,6.55
1795.TW,美時,2026-01-06,2026-01-15,2026-02-03,272.0,318.5,362.0,33.09,10213293,2105494,4.85
6706.TW,惠特,2025-11-03,2025-11-06,2025-12-01,69.2,79.9,92.1,33.09,7071761,1926225,3.67
6751.TWO,智聯服務,2025-12-23,2026-01-20,2026-01-22,52.3,65.3,69.6,33.08,361486,49948,7.24
6751.TWO,智聯服務,2025-10-13,2025-11-06,2025-11-11,43.3,51.5,57.6,33.03,101068,10009,10.1
3138.TW,耀登,2026-02-10,2026-03-03,2026-03-02,163.5,217.0,217.5,33.03,18478488,4161031,4.44
6574.TWO,霈方,2026-02-04,2026-03-13,2026-03-16,74.2,89.8,98.7,33.02,92175,12642,7.29
8042.TWO,金山電,2025-10-31,2025-11-21,2025-11-28,43.0,50.9,57.2,33.02,27663645,4387311,6.31
3535.TW,晶彩科,2026-04-01,2026-04-10,2026-05-04,106.0,134.0,141.0,33.02,26798273,7870999,3.4
5483.TWO,中美晶,2026-03-31,2026-04-20,2026-04-27,107.5,131.5,143.0,33.02,28238356,9245355,3.05
6791.TWO,虎門科技,2026-03-18,2026-04-15,2026-04-17,101.5,123.5,135.0,33.0,405000,35355,11.46
2406.TW,國碩,2025-11-14,2025-12-04,2025-12-12,20.3,23.35,27.0,33.0,29616799,3127647,9.47
3631.TWO,晟楠,2025-09-08,2025-10-07,2025-10-08,19.85,24.0,26.4,33.0,295001,85826,3.44
1449.TW,佳和,2026-03-04,2026-03-18,2026-03-20,10.15,11.9,13.5,33.0,1883167,581441,3.24
6509.TWO,聚和,2026-02-05,2026-02-23,2026-03-17,34.4,40.15,45.75,32.99,8464825,472445,17.92
8109.TWO,博大,2025-08-14,2025-08-27,2025-09-10,84.6,101.5,112.5,32.98,1778651,38507,46.19
5263.TWO,智崴,2025-12-16,2026-01-02,2026-01-15,94.0,113.5,125.0,32.98,2131530,244631,8.71
3691.TWO,碩禾,2025-08-14,2025-08-19,2025-08-19,73.7,98.0,98.0,32.97,7077762,404959,17.48
6217.TWO,中探針,2025-08-22,2025-08-27,2025-09-03,36.85,43.0,49.0,32.97,24792179,4627145,5.36
6485.TWO,點序,2025-12-05,2026-01-02,2026-01-06,69.8,86.1,92.8,32.95,5747021,1299692,4.42
6739.TWO,竹陞科技,2025-11-21,2025-12-04,2025-12-11,610.0,753.0,811.0,32.95,1692810,493630,3.43
3141.TWO,晶宏,2026-04-09,2026-04-21,2026-05-07,42.2,48.95,56.1,32.94,1179486,308413,3.82
6173.TWO,信昌電,2025-08-29,2025-09-19,2025-09-26,41.15,48.1,54.7,32.93,18120256,423166,42.82
4745.TWO,合富-KY,2025-10-27,2025-11-12,2025-11-24,16.25,19.1,21.6,32.92,1547024,42383,36.5
5434.TW,崇越,2026-03-20,2026-04-10,2026-04-21,326.5,401.0,434.0,32.92,2526953,642267,3.93
3551.TWO,世禾,2025-11-13,2025-12-11,2025-12-11,161.0,214.0,214.0,32.92,4377164,1369459,3.2
2103.TW,台橡,2026-01-19,2026-02-24,2026-02-25,15.65,19.6,20.8,32.91,11136330,1809136,6.16
4977.TW,眾達-KY,2026-01-19,2026-01-29,2026-02-25,118.5,136.5,157.5,32.91,26867852,6080261,4.42
6643.TWO,M31,2026-03-23,2026-04-21,2026-04-22,471.0,578.0,626.0,32.91,4186150,1124091,3.72
8046.TW,南電,2026-03-06,2026-03-16,2026-04-07,469.5,566.0,624.0,32.91,30167740,8867160,3.4
3494.TW,誠研,2025-12-01,2025-12-04,2025-12-10,6.96,8.25,9.25,32.9,852300,158566,5.38
8111.TWO,立碁,2025-10-15,2025-10-31,2025-11-13,52.3,61.5,69.5,32.89,21369379,3940164,5.42
6706.TW,惠特,2026-03-23,2026-04-15,2026-04-17,114.0,149.5,151.5,32.89,23979140,7499740,3.2
3135.TW,凌航,2025-09-25,2025-10-09,2025-10-28,36.5,42.7,48.5,32.88,5193017,1473584,3.52
3498.TWO,陽程,2025-08-14,2025-08-19,2025-08-19,43.5,57.8,57.8,32.87,7426647,1304204,5.69
2478.TW,大毅,2026-03-31,2026-04-17,2026-04-17,58.1,77.2,77.2,32.87,12228228,3146538,3.89
1597.TW,直得,2026-03-09,2026-03-23,2026-04-08,70.3,83.8,93.4,32.86,3654318,502926,7.27
4545.TW,銘鈺,2025-11-21,2025-12-18,2025-12-19,31.95,39.9,42.45,32.86,3837021,619078,6.2
3467.TWO,台灣精材,2025-11-19,2025-12-16,2025-12-17,37.6,45.45,49.95,32.85,201050,20474,9.82
6735.TWO,美達科技,2026-03-12,2026-04-08,2026-04-13,55.7,64.2,74.0,32.85,236409,60734,3.89
1303.TW,南亞,2025-10-15,2025-11-12,2025-11-13,40.5,49.8,53.8,32.84,173732217,53181928,3.27
3028.TW,增你強,2026-03-27,2026-04-28,2026-04-28,53.3,70.8,70.8,32.83,21817813,6827356,3.2
6213.TW,聯茂,2026-03-05,2026-04-02,2026-04-02,128.0,170.0,170.0,32.81,58688744,15881218,3.7
3577.TWO,泓格,2026-03-09,2026-03-27,2026-04-08,57.3,73.4,76.1,32.81,426883,117034,3.65
1711.TW,永光,2025-12-15,2026-01-06,2026-01-14,18.3,21.6,24.3,32.79,20312712,1501574,13.53
3178.TWO,公準,2026-03-18,2026-04-02,2026-04-17,54.6,63.6,72.5,32.78,1249422,98165,12.73
5016.TWO,松和,2026-03-09,2026-03-27,2026-04-01,23.65,27.85,31.4,32.77,540297,8127,66.48
1310.TW,台苯,2026-02-02,2026-03-06,2026-03-12,8.85,10.65,11.75,32.77,10376502,3204512,3.24
4956.TW,光鋐,2026-01-09,2026-01-30,2026-02-06,20.15,23.3,26.75,32.75,11644031,1600796,7.27
6530.TWO,創威,2026-03-10,2026-03-23,2026-04-08,74.2,97.5,98.5,32.75,18472817,4651417,3.97
6854.TW,錼創科技-KY創,2026-03-20,2026-04-21,2026-04-21,143.5,190.5,190.5,32.75,2947908,954593,3.09
2367.TW,燿華,2025-12-11,2026-01-07,2026-01-12,25.35,31.65,33.65,32.74,101882190,6972522,14.61
6236.TWO,中湛,2025-08-15,2025-09-02,2025-09-12,22.45,26.1,29.8,32.74,4040,1204,3.35
3231.TW,緯創,2025-09-02,2025-10-01,2025-10-01,110.0,146.0,146.0,32.73,282988689,40258061,7.03
3290.TWO,東浦,2025-09-26,2025-10-09,2025-10-22,38.65,45.45,51.3,32.73,2128947,431409,4.93
8436.TWO,大江,2025-12-22,2026-01-13,2026-01-21,110.0,130.5,146.0,32.73,2029155,461869,4.39
3229.TW,晟鈦,2025-12-11,2025-12-15,2025-12-16,21.85,26.4,29.0,32.72,1682104,303458,5.54
1708.TW,東鹼,2026-02-09,2026-03-16,2026-03-19,35.0,43.2,46.45,32.71,16954621,1491939,11.36
3545.TW,敦泰,2026-03-23,2026-03-30,2026-04-22,42.35,49.7,56.2,32.7,8239264,1698863,4.85
8093.TWO,保銳,2025-10-08,2025-11-06,2025-11-07,25.0,30.67,33.17,32.67,556287,28506,19.51
8042.TWO,金山電,2025-09-16,2025-09-18,2025-10-17,32.9,39.5,43.65,32.67,3714256,369978,10.04
6664.TWO,群翊,2026-03-06,2026-04-01,2026-04-07,271.0,322.5,359.5,32.66,2746642,647146,4.24
7820.TWO,立盈,2026-01-05,2026-01-20,2026-01-20,145.5,193.0,193.0,32.65,307071,11072,27.73
6134.TWO,萬旭,2025-11-25,2025-12-12,2025-12-23,21.9,25.6,29.05,32.65,2290148,241516,9.48
3002.TW,歐格,2025-10-28,2025-11-07,2025-11-07,22.05,29.25,29.25,32.65,22296314,3068767,7.27
4989.TW,榮科,2026-01-30,2026-03-04,2026-03-11,53.3,67.6,70.7,32.65,75149737,21771007,3.45
3037.TW,欣興,2025-11-14,2025-12-05,2025-12-10,171.5,215.0,227.5,32.65,79844923,26576777,3.0
7777.TWO,能率亞洲,2025-11-07,2025-11-28,2025-12-01,26.5,32.95,35.15,32.64,2731818,906579,3.01
4721.TWO,美琪瑪,2026-03-31,2026-04-15,2026-04-22,70.5,85.6,93.5,32.62,3999785,690960,5.79
3149.TW,正達,2026-04-15,2026-05-06,2026-05-13,42.0,49.5,55.7,32.62,17323447,5406393,3.2
3167.TW,大量,2026-01-27,2026-02-10,2026-03-02,233.0,275.5,309.0,32.62,26821360,8529151,3.14
8271.TW,宇瞻,2025-09-09,2025-10-07,2025-10-09,64.1,75.4,85.0,32.61,8005385,1753584,4.57
1735.TW,日勝化,2026-04-02,2026-04-13,2026-04-14,23.0,30.25,30.5,32.61,6299640,2052200,3.07
4540.TW,全球傳動,2025-12-19,2026-01-19,2026-01-20,34.2,42.6,45.35,32.6,7015400,496830,14.12
4967.TW,十銓,2026-03-27,2026-04-28,2026-04-28,228.5,303.0,303.0,32.6,53060246,14127486,3.76
4903.TWO,聯光通,2025-10-31,2025-11-25,2025-11-27,31.0,36.35,41.1,32.58,7700419,1046039,7.36
3191.TWO,雲嘉南,2025-09-05,2025-10-03,2025-10-07,13.2,16.5,17.5,32.58,112000,19257,5.82
3466.TWO,德晉,2026-03-31,2026-04-14,2026-04-20,33.0,38.8,43.75,32.58,1415070,407323,3.47
6213.TW,聯茂,2026-01-29,2026-02-25,2026-02-25,110.5,146.5,146.5,32.58,38436284,11396118,3.37
6890.TW,來億-KY,2025-10-31,2025-11-21,2025-11-26,218.0,264.0,289.0,32.57,4930474,863061,5.71
1570.TWO,力肯,2025-09-24,2025-10-02,2025-10-03,26.25,31.65,34.8,32.57,1219067,215675,5.65
1815.TWO,富喬,2026-03-31,2026-04-09,2026-04-17,95.8,121.5,127.0,32.57,159557717,37538406,4.25
6225.TW,天瀚,2026-01-29,2026-03-06,2026-03-10,17.5,21.0,23.2,32.57,30096,7383,4.08
4919.TW,新唐,2026-03-20,2026-04-21,2026-04-21,109.0,144.5,144.5,32.57,78959876,20298437,3.89
6015.TWO,宏遠證,2025-12-31,2026-01-09,2026-01-29,10.75,12.6,14.25,32.56,9625535,202250,47.59
5344.TWO,立衛,2025-08-14,2025-08-18,2025-08-28,12.9,15.55,17.1,32.56,534000,34288,15.57
6419.TWO,京晨科,2025-08-18,2025-09-12,2025-09-15,47.6,57.4,63.1,32.56,291200,42468,6.86
3093.TWO,港建*,2026-01-28,2026-03-02,2026-03-09,25.65,29.95,34.0,32.55,1516216,147322,10.29
2426.TW,鼎元,2026-01-28,2026-03-06,2026-03-09,18.9,22.8,25.05,32.54,9233938,2297519,4.02
8039.TW,台虹,2026-01-30,2026-03-03,2026-03-11,87.9,112.5,116.5,32.54,51455458,16812880,3.06
3227.TWO,原相,2025-08-22,2025-09-09,2025-09-19,186.0,218.5,246.5,32.53,9836152,2415772,4.07
8027.TWO,鈦昇,2025-11-19,2025-12-01,2025-12-17,84.9,108.5,112.5,32.51,6973892,1086125,6.42
8261.TW,富鼎,2026-03-31,2026-04-20,2026-04-21,96.6,126.0,128.0,32.51,13213301,4022368,3.28
8121.TWO,越峰,2025-10-02,2025-10-23,2025-10-27,25.85,33.6,34.25,32.5,8049575,1717581,4.69
4916.TW,事欣科,2025-11-21,2025-11-26,2025-12-15,43.85,50.6,58.1,32.5,8744250,2385278,3.67
3138.TW,耀登,2025-11-24,2025-12-16,2025-12-22,83.4,105.0,110.5,32.49,1534000,97166,15.79
9136.TW,巨騰-DR,2026-02-06,2026-03-10,2026-03-18,7.39,9.25,9.79,32.48,8036510,830147,9.68
5386.TWO,青雲,2025-12-16,2025-12-30,2026-01-02,70.2,85.0,93.0,32.48,3965831,704354,5.63
1309.TW,台達化,2026-02-02,2026-03-03,2026-03-09,11.55,13.35,15.3,32.47,10071437,1832079,5.5
4739.TW,康普,2026-03-09,2026-03-18,2026-03-24,65.6,82.9,86.9,32.47,5194426,1676362,3.1
8182.TWO,加高,2026-03-17,2026-04-13,2026-04-16,26.8,32.65,35.5,32.46,2893065,104318,27.73
5244.TW,弘凱,2026-03-19,2026-04-17,2026-04-20,38.35,46.2,50.8,32.46,4204745,339734,12.38
2239.TW,英利-KY,2025-11-05,2025-12-02,2025-12-03,28.5,37.45,37.75,32.46,522030,97564,5.35
2351.TW,順德,2026-03-04,2026-03-24,2026-03-27,78.9,102.5,104.5,32.45,15773105,2379357,6.63
8933.TWO,愛地雅,2025-12-19,2026-01-19,2026-01-20,6.04,7.28,8.0,32.45,1606003,289232,5.55
3092.TW,鴻碩,2025-11-10,2025-11-13,2025-11-14,13.1,16.05,17.35,32.44,2452375,142308,17.23
4946.TWO,辣椒,2025-08-20,2025-08-25,2025-08-25,112.5,149.0,149.0,32.44,931916,160310,5.81
3162.TWO,精確,2025-10-08,2025-11-05,2025-11-07,51.8,60.0,68.6,32.43,36948121,1512661,24.43
3508.TWO,位速,2025-08-14,2025-08-18,2025-08-27,22.05,26.65,29.2,32.43,1847002,275382,6.71
3006.TW,晶豪科,2025-11-27,2025-12-26,2025-12-26,79.3,105.0,105.0,32.41,57134238,18729974,3.05
6432.TWO,今展科,2026-03-24,2026-04-13,2026-04-20,33.8,39.45,44.75,32.4,2533190,661415,3.83
2486.TW,一詮,2025-12-29,2026-01-27,2026-01-27,96.3,127.5,127.5,32.4,41221307,12847516,3.21
1808.TW,潤隆,2025-09-30,2025-10-17,2025-10-31,31.89,36.94,42.22,32.4,4216324,1363237,3.09
4304.TWO,勝昱,2025-09-18,2025-10-20,2025-10-21,8.46,10.85,11.2,32.39,106208,9251,11.48
2440.TW,太空梭,2026-03-31,2026-04-20,2026-04-29,14.05,16.2,18.6,32.38,1461180,290608,5.03
6492.TWO,生華科,2025-12-24,2026-01-22,2026-01-23,42.0,50.6,55.6,32.38,748299,178690,4.19
8086.TWO,宏捷科,2026-02-02,2026-03-03,2026-03-03,103.5,137.0,137.0,32.37,30308120,4718253,6.42
1591.TWO,駿吉-KY,2026-03-13,2026-04-10,2026-04-14,44.5,53.2,58.9,32.36,2049029,230169,8.9
8390.TWO,金益鼎,2025-10-29,2025-11-20,2025-11-26,64.9,77.3,85.9,32.36,4697445,1279999,3.67
5521.TW,工信,2026-02-09,2026-03-02,2026-03-02,20.55,27.2,27.2,32.36,29684550,9824806,3.02
8476.TW,台境*,2025-12-16,2026-01-14,2026-01-15,18.7,22.7,24.75,32.35,7092930,102588,69.14
2740.TWO,華軒,2025-11-05,2025-11-12,2025-12-03,20.4,24.1,27.0,32.35,80000,11801,6.78
3691.TWO,碩禾,2026-04-02,2026-04-15,2026-05-05,102.0,120.0,135.0,32.35,3666473,979974,3.74
3523.TWO,迎輝,2026-03-12,2026-03-16,2026-03-17,13.6,16.4,18.0,32.35,54076,16370,3.3
5543.TWO,桓鼎-KY,2025-09-22,2025-10-23,2025-10-23,20.1,26.6,26.6,32.34,477186,59514,8.02
8291.TWO,尚茂,2026-03-30,2026-04-28,2026-04-29,15.15,18.25,20.05,32.34,26833,5228,5.13
2419.TW,仲琦,2025-12-15,2026-01-13,2026-01-14,24.75,29.8,32.75,32.32,28918150,838956,34.47
7709.TWO,榮田,2026-03-03,2026-03-30,2026-03-31,58.5,72.6,77.4,32.31,2287142,438971,5.21
6431.TW,光麗-KY,2025-10-29,2025-11-24,2025-11-26,16.1,18.8,21.3,32.3,937001,52208,17.95
2380.TW,虹光,2025-09-26,2025-10-13,2025-10-13,5.14,6.8,6.8,32.3,1661734,222149,7.48
4154.TWO,樂威科-KY,2026-03-03,2026-03-27,2026-03-27,11.3,14.95,14.95,32.3,140260,20464,6.85
8131.TW,福懋科,2025-11-21,2025-12-03,2025-12-19,38.7,46.4,51.2,32.3,42593303,11965837,3.56
6695.TW,芯鼎,2026-04-02,2026-04-22,2026-05-05,38.25,45.45,50.6,32.29,5705070,257410,22.16
8271.TW,宇瞻,2025-12-09,2025-12-31,2026-01-08,96.0,113.0,127.0,32.29,36981730,10208225,3.62
3691.TWO,碩禾,2025-12-16,2026-01-14,2026-01-15,79.0,95.0,104.5,32.28,2783630,307348,9.06
8121.TWO,越峰,2026-04-01,2026-04-16,2026-05-04,23.7,27.55,31.35,32.28,1673312,287585,5.82
3035.TW,智原,2026-03-31,2026-04-20,2026-04-27,141.0,174.5,186.5,32.27,14407105,2271385,6.34
8088.TWO,品安,2025-12-11,2026-01-07,2026-01-08,40.9,49.25,54.1,32.27,24882868,4162488,5.98
8215.TW,明基材,2026-02-10,2026-03-17,2026-03-20,20.3,24.4,26.85,32.27,5241795,1170236,4.48
2640.TWO,大車隊,2026-02-23,2026-03-24,2026-03-24,124.0,164.0,164.0,32.26,293037,82023,3.57
8059.TWO,凱碩,2025-08-20,2025-09-12,2025-09-15,24.65,29.8,32.6,32.25,5195100,1197816,4.34
6642.TWO,富致,2026-04-17,2026-05-07,2026-05-18,58.0,66.9,76.7,32.24,871283,119453,7.29
2451.TW,創見,2025-09-26,2025-10-14,2025-10-16,105.5,123.5,139.5,32.23,7601403,2150111,3.54
6155.TW,鈞寶,2025-10-02,2025-10-22,2025-10-27,24.05,30.35,31.8,32.22,12477350,607209,20.55
3313.TWO,斐成,2025-11-20,2025-12-11,2025-12-10,13.5,16.45,17.85,32.22,4708318,890761,5.29
8431.TWO,匯鑽科,2025-12-16,2025-12-23,2026-01-08,59.6,69.9,78.8,32.21,7128030,2348324,3.04
8155.TWO,博智,2026-02-11,2026-03-20,2026-03-20,208.0,275.0,275.0,32.21,7662289,2542566,3.01
6584.TWO,南俊國際,2025-10-09,2025-10-21,2025-11-10,233.0,278.5,308.0,32.19,3501182,1139425,3.07
3354.TWO,律勝,2026-02-03,2026-03-04,2026-03-13,24.55,29.0,32.45,32.18,6080809,1694266,3.59
4933.TWO,友輝,2026-03-30,2026-04-24,2026-04-29,57.5,67.5,76.0,32.17,2715623,449916,6.04
3693.TWO,營邦,2025-12-10,2026-01-09,2026-01-08,269.0,344.0,355.5,32.16,5282601,607848,8.69
6291.TWO,沛亨,2026-01-12,2026-01-29,2026-01-29,185.0,244.5,244.5,32.16,4005470,1277147,3.14
4720.TW,德淵,2026-03-13,2026-03-25,2026-04-14,15.55,18.15,20.55,32.15,4495084,702520,6.4
3209.TW,全科,2026-03-04,2026-03-13,2026-03-17,33.9,39.85,44.8,32.15,8956911,1603487,5.59
2388.TW,威盛,2025-11-14,2025-12-09,2025-12-11,50.4,62.5,66.6,32.14,19524744,2258832,8.64
3060.TW,銘異,2025-11-21,2025-12-12,2025-12-18,26.45,32.75,34.95,32.14,26970785,8766205,3.08
5475.TWO,德宏,2026-03-12,2026-04-07,2026-04-10,221.0,271.0,292.0,32.13,9151506,3027753,3.02
3230.TWO,錦明,2026-01-21,2026-02-11,2026-03-02,34.4,42.05,45.45,32.12,5866571,413163,14.2
3105.TWO,穩懋,2025-10-02,2025-10-31,2025-11-04,93.1,107.5,123.0,32.12,24101169,4581512,5.26
6969.TW,成信實業*-創,2025-12-18,2026-01-14,2026-01-14,29.9,39.5,39.5,32.11,601221,40373,14.89
6140.TWO,訊達電腦,2026-04-09,2026-05-08,2026-05-08,17.6,23.25,23.25,32.1,1192861,145799,8.18
6691.TW,洋基工程,2025-11-12,2025-12-08,2025-12-10,431.5,543.0,570.0,32.1,2072143,584316,3.55
3152.TWO,璟德,2025-11-19,2025-12-15,2025-12-17,107.5,128.0,142.0,32.09,2059320,155110,13.28
8069.TWO,元太,2026-04-13,2026-05-12,2026-05-12,148.0,195.5,195.5,32.09,60988227,6692687,9.11
3090.TW,日電貿,2025-09-25,2025-10-23,2025-10-28,74.2,89.0,98.0,32.08,17650248,1725735,10.23
3624.TWO,光頡,2025-11-05,2025-11-14,2025-11-24,39.9,49.6,52.7,32.08,21515426,2607357,8.25
3071.TWO,協禧,2026-02-23,2026-03-18,2026-03-23,22.6,26.95,29.85,32.08,1216306,324833,3.74
5498.TWO,凱崴,2025-09-24,2025-10-02,2025-10-27,18.4,21.5,24.3,32.07,23956747,6566581,3.65
3058.TW,立德,2025-08-14,2025-08-18,2025-08-19,10.45,12.55,13.8,32.06,5232269,425011,12.31
6155.TW,鈞寶,2025-12-15,2026-01-06,2026-01-14,41.8,49.25,55.2,32.06,18136072,5545207,3.27
6485.TWO,點序,2025-08-19,2025-09-15,2025-09-16,51.8,62.9,68.4,32.05,4215015,115257,36.57
3149.TW,正達,2025-12-11,2026-01-05,2026-01-12,33.85,39.55,44.7,32.05,16431210,1252928,13.11
5468.TWO,凱鈺,2025-09-11,2025-10-13,2025-10-14,15.45,18.55,20.4,32.04,394191,29013,13.59
6770.TW,力積電,2025-08-20,2025-09-12,2025-09-17,15.45,17.95,20.4,32.04,201113716,17717069,11.35
6205.TW,詮欣,2026-03-18,2026-04-14,2026-04-17,56.8,68.5,75.0,32.04,5817112,1004806,5.79
2413.TW,環科,2025-10-28,2025-11-19,2025-11-25,21.7,25.1,28.65,32.03,17093643,802691,21.3
6435.TWO,大中,2025-12-22,2026-01-20,2026-01-21,115.5,139.0,152.5,32.03,1769518,440274,4.02
7740.TW,熙特爾-創,2026-01-30,2026-02-24,2026-03-11,153.0,180.5,202.0,32.03,529882,150256,3.53
4561.TWO,健椿,2025-12-19,2026-01-19,2026-01-20,33.1,39.8,43.7,32.02,1673391,151149,11.07
1304.TW,台聚,2026-02-10,2026-03-09,2026-03-20,11.4,13.8,15.05,32.02,58341056,7239461,8.06
5011.TWO,久陽,2026-01-26,2026-03-05,2026-03-05,12.65,16.7,16.7,32.02,4853055,762784,6.36
6725.TWO,矽科宏晟,2025-12-12,2025-12-24,2025-12-30,240.5,283.0,317.5,32.02,726152,176493,4.11
6684.TWO,安格,2026-03-31,2026-04-16,2026-04-22,40.75,47.75,53.8,32.02,512654,153393,3.34
6257.TW,矽格,2025-12-15,2025-12-30,2026-01-14,98.1,115.0,129.5,32.01,38411178,6770408,5.67
5432.TWO,新門,2025-11-18,2025-12-11,2025-12-16,125.0,159.0,165.0,32.0,1247003,258140,4.83
6122.TWO,擎邦,2025-12-19,2026-01-13,2026-01-20,47.5,55.0,62.7,32.0,1381602,306022,4.51
6870.TWO,騰雲,2025-08-29,2025-09-18,2025-09-19,187.5,225.0,247.5,32.0,261133,61708,4.23
6418.TWO,詠昇,2026-03-30,2026-04-27,2026-04-27,30.0,39.6,39.6,32.0,647001,181669,3.56
3624.TWO,光頡,2025-10-14,2025-10-20,2025-10-27,36.6,44.65,48.3,31.97,8825151,671954,13.13
4951.TWO,精拓科,2026-03-26,2026-04-24,2026-04-27,68.2,81.9,90.0,31.96,2037317,146469,13.91
3219.TWO,倚強科,2026-04-13,2026-05-12,2026-05-12,62.9,83.0,83.0,31.96,2638003,304994,8.65
3717.TW,聯嘉投控,2026-03-03,2026-03-20,2026-03-27,17.05,20.05,22.5,31.96,3045500,519296,5.86
4971.TWO,IET-KY,2025-10-31,2025-11-27,2025-11-28,156.5,194.5,206.5,31.95,7140828,1029769,6.93
3163.TWO,波若威,2025-10-31,2025-11-27,2025-11-28,241.0,289.5,318.0,31.95,51698923,10449509,4.95
2424.TW,隴華,2025-11-26,2025-12-11,2025-12-12,33.5,42.65,44.2,31.94,450000,28356,15.87
3587.TWO,閎康,2026-03-09,2026-03-23,2026-04-08,192.89,245.5,254.5,31.94,13067419,1934832,6.75
3518.TW,柏騰,2026-03-19,2026-04-16,2026-04-20,22.55,26.2,29.75,31.93,4165184,283813,14.68
3030.TW,德律,2025-11-21,2025-12-04,2025-12-19,142.5,171.5,188.0,31.93,8855026,2531864,3.5
6629.TWO,泰金-KY,2025-10-08,2025-11-06,2025-11-06,117.5,155.0,155.0,31.91,1041141,103203,10.09
2377.TW,微星,2026-04-15,2026-05-11,2026-05-14,88.7,107.5,117.0,31.91,36084813,6154833,5.86
2406.TW,國碩,2025-12-19,2026-01-13,2026-01-15,24.6,30.85,32.45,31.91,74921096,20156224,3.72
8059.TWO,凱碩,2025-12-31,2026-01-08,2026-01-12,18.65,22.35,24.6,31.9,2830053,226339,12.5
5340.TWO,建榮,2025-10-15,2025-11-12,2025-11-13,48.6,58.3,64.1,31.89,16704361,2898789,5.76
5236.TWO,凌陽創新,2026-03-23,2026-04-17,2026-04-22,127.0,153.5,167.5,31.89,834457,165523,5.04
1809.TW,中釉,2025-12-17,2026-01-14,2026-01-16,17.25,20.0,22.75,31.88,4962753,403195,12.31
7810.TWO,捷創科技,2025-11-03,2025-12-01,2025-12-01,138.0,182.0,182.0,31.88,152417,22789,6.69
1589.TW,永冠-KY,2026-03-09,2026-03-17,2026-03-16,6.65,7.9,8.77,31.88,3896698,670779,5.81
2616.TW,山隆,2026-01-23,2026-03-03,2026-03-04,13.65,16.4,18.0,31.87,835591,113400,7.37
2327.TW,國巨*,2025-08-27,2025-09-18,2025-09-24,136.5,158.0,180.0,31.87,36421345,8359353,4.36
6679.TWO,鈺太,2026-04-09,2026-05-06,2026-05-08,251.0,302.0,331.0,31.87,1880346,534106,3.52
6451.TW,訊芯-KY,2025-11-21,2025-11-28,2025-12-12,133.5,166.0,176.0,31.84,4524005,906516,4.99
3450.TW,聯鈞,2025-08-22,2025-09-17,2025-09-19,188.5,221.0,248.5,31.83,31316477,8663806,3.61
6409.TW,旭隼,2025-09-26,2025-10-20,2025-10-30,933.0,1140.0,1230.0,31.83,1733398,551355,3.14
1323.TW,永裕,2026-03-06,2026-03-31,2026-04-07,18.7,23.1,24.65,31.82,876341,53788,16.29
6877.TWO,鏵友益,2026-01-22,2026-03-02,2026-03-03,88.0,105.5,116.0,31.82,1623800,209826,7.74
3576.TW,聯合再生,2025-12-31,2026-01-15,2026-01-20,8.61,11.1,11.35,31.82,60869918,17776924,3.42
2316.TW,楠梓電,2025-11-17,2025-11-27,2025-12-01,91.8,117.5,121.0,31.81,38163054,9991052,3.82
3060.TW,銘異,2025-10-14,2025-11-11,2025-11-12,22.95,28.85,30.25,31.81,21814547,6304739,3.46
3669.TW,圓展,2026-04-01,2026-04-09,2026-05-04,32.7,38.9,43.1,31.8,1126005,87959,12.8
3322.TWO,建舜電,2025-11-21,2025-12-12,2025-12-18,11.95,13.8,15.75,31.8,811154,248399,3.27
8043.TWO,蜜望實,2026-03-20,2026-04-14,2026-04-17,73.3,85.0,96.6,31.79,17642188,2381402,7.41
3135.TW,凌航,2025-11-28,2025-12-29,2025-12-29,58.5,77.1,77.1,31.79,11536690,2164682,5.33
1795.TW,美時,2025-08-29,2025-09-26,2025-09-26,193.5,255.0,255.0,31.78,15796312,1145397,13.79
6124.TWO,業強,2026-01-23,2026-03-03,2026-03-03,28.8,37.95,37.95,31.77,1278483,195502,6.54
3622.TW,洋華,2025-10-17,2025-11-12,2025-11-17,55.4,64.0,73.0,31.77,1656464,271293,6.11
6548.TWO,長科*,2025-10-14,2025-11-11,2025-11-12,36.2,46.45,47.7,31.77,25370428,4290873,5.91
8183.TWO,精星,2026-02-02,2026-02-25,2026-02-26,30.85,37.6,40.65,31.77,1319501,411625,3.21
6263.TWO,普萊德,2026-04-10,2026-04-22,2026-05-11,127.5,150.0,168.0,31.76,540532,58216,9.28
6456.TW,GIS-KY,2026-03-20,2026-04-16,2026-04-20,63.6,76.8,83.8,31.76,50234982,12408496,4.05
6949.TW,沛爾生醫-創,2025-12-26,2026-01-20,2026-01-26,359.0,415.5,473.0,31.75,596496,146742,4.06
7751.TWO,竑騰,2025-11-07,2025-12-01,2025-12-04,460.0,529.0,606.0,31.74,1407312,234626,6.0
3372.TWO,典範,2025-09-12,2025-10-09,2025-10-13,14.65,17.6,19.3,31.74,4141691,745657,5.55
8059.TWO,凱碩,2026-03-31,2026-04-22,2026-04-23,17.65,22.5,23.25,31.73,2546403,587224,4.34
5301.TWO,寶得利,2025-09-23,2025-10-23,2025-10-27,11.61,13.91,15.3,31.72,119354,8246,14.47
6265.TWO,方土昶,2026-03-03,2026-03-20,2026-03-20,36.1,47.55,47.55,31.72,40237009,12884016,3.12
1313.TW,聯成,2026-02-02,2026-03-03,2026-03-06,10.25,12.55,13.5,31.71,37145591,4716731,7.88
1582.TW,信錦,2026-03-24,2026-03-27,2026-04-01,82.0,102.0,108.0,31.71,26435124,7976966,3.31
4772.TWO,台特化,2025-12-18,2026-01-02,2026-01-12,285.5,347.0,376.0,31.7,9492749,1136125,8.36
6913.TWO,鴻呈,2026-03-26,2026-04-24,2026-04-27,112.0,134.5,147.5,31.7,1224370,236359,5.18
6234.TWO,高僑,2025-11-27,2025-12-22,2025-12-26,21.3,26.2,28.05,31.69,4832454,254923,18.96
6226.TW,光鼎,2026-03-27,2026-04-20,2026-04-20,12.15,16.0,16.0,31.69,11601626,2595364,4.47
4766.TW,南寶,2025-08-15,2025-08-29,2025-09-03,333.0,406.5,438.5,31.68,8834731,775341,11.39
8033.TW,雷虎,2025-11-18,2025-11-25,2025-12-01,110.5,130.5,145.5,31.67,24073316,6031305,3.99
4949.TW,有成精密,2025-12-30,2026-01-23,2026-01-26,37.75,45.2,49.7,31.66,3101892,465289,6.67
6209.TW,今國光,2026-03-26,2026-04-14,2026-04-21,51.8,62.8,68.2,31.66,14372120,3380009,4.25
2605.TW,新興,2026-01-23,2026-03-03,2026-03-03,28.75,37.85,37.85,31.65,84961186,9349734,9.09
2324.TW,仁寶,2025-08-29,2025-09-24,2025-09-25,27.65,34.5,36.4,31.65,129962877,17647506,7.36
8289.TWO,泰藝,2026-01-07,2026-01-14,2026-02-04,20.7,25.0,27.25,31.64,1330250,67832,19.61
3310.TWO,佳穎,2025-11-20,2025-12-12,2025-12-18,64.5,74.5,84.9,31.63,183500,24701,7.43
5351.TWO,鈺創,2025-10-14,2025-11-11,2025-11-12,36.2,45.75,47.65,31.63,56543144,12223631,4.63
6937.TW,天虹,2025-08-14,2025-09-08,2025-09-10,205.5,250.0,270.5,31.63,980782,264006,3.71
3051.TW,力特,2025-12-18,2026-01-15,2026-01-19,18.5,21.85,24.35,31.62,5092300,360553,14.12
1773.TW,勝一,2026-03-31,2026-04-20,2026-04-27,136.0,159.0,179.0,31.62,2649638,826584,3.21
6834.TW,天二科技,2026-03-12,2026-03-17,2026-04-13,28.0,34.25,36.85,31.61,4166000,295401,14.1
2388.TW,威盛,2026-03-19,2026-04-15,2026-04-20,50.3,62.4,66.2,31.61,21905497,3269280,6.7
7734.TWO,印能科技,2025-12-30,2026-01-05,2026-01-28,870.0,1015.0,1145.0,31.61,219564,33569,6.54
4566.TW,時碩工業,2026-03-12,2026-03-18,2026-04-13,54.1,62.4,71.2,31.61,2156253,453659,4.75
5351.TWO,鈺創,2025-12-02,2025-12-30,2025-12-31,38.6,49.05,50.8,31.61,53800012,15429325,3.49
6597.TWO,立誠,2026-04-07,2026-05-04,2026-05-06,59.5,68.6,78.3,31.6,79100,2955,26.76
8438.TW,昶昕,2026-01-30,2026-02-26,2026-03-02,57.6,69.4,75.8,31.6,7393005,1379959,5.36
4513.TWO,福裕,2026-01-07,2026-01-16,2026-01-19,17.25,20.65,22.7,31.59,2133899,167293,12.76
4121.TWO,優盛,2026-01-16,2026-01-27,2026-02-24,15.2,18.85,20.0,31.58,6460999,218683,29.54
2755.TWO,揚秦,2026-02-03,2026-02-26,2026-03-13,114.0,136.0,150.0,31.58,488001,39426,12.38
3432.TW,台端,2026-03-27,2026-04-27,2026-04-28,17.1,20.55,22.5,31.58,619406,80405,7.7
2472.TW,立隆電,2025-09-25,2025-10-21,2025-10-28,87.4,103.0,115.0,31.58,29614390,3989406,7.42
2509.TW,全坤建,2025-08-14,2025-09-04,2025-09-05,13.3,15.95,17.5,31.58,602781,106479,5.66
6182.TWO,合晶,2026-03-23,2026-04-20,2026-04-22,34.2,39.35,45.0,31.58,43532708,10936267,3.98
3189.TW,景碩,2025-09-11,2025-10-13,2025-10-09,104.5,133.5,137.5,31.58,47421469,13310402,3.56
4749.TWO,新應材,2026-04-10,2026-05-08,2026-05-11,893.0,1085.0,1175.0,31.58,6155413,2032287,3.03
6834.TW,天二科技,2025-12-17,2026-01-12,2026-01-16,27.4,32.8,36.05,31.57,1619001,298784,5.42
6666.TW,羅麗芬-KY,2025-08-14,2025-08-25,2025-08-26,46.9,56.1,61.7,31.56,525100,20561,25.54
7709.TWO,榮田,2025-12-26,2026-01-23,2026-01-26,37.55,44.95,49.4,31.56,71322,10452,6.82
3624.TWO,光頡,2025-12-04,2026-01-02,2026-01-02,48.8,64.2,64.2,31.56,47508969,11220483,4.23
6716.TWO,應廣,2026-01-05,2026-01-26,2026-01-28,44.85,55.8,59.0,31.55,992000,40730,24.36
2465.TW,麗臺,2026-03-26,2026-04-21,2026-04-22,54.2,67.6,71.3,31.55,8459464,789561,10.71
8277.TWO,商丞,2025-09-02,2025-09-08,2025-10-01,10.3,12.15,13.55,31.55,2360670,414688,5.69
8374.TW,羅昇,2026-03-31,2026-04-14,2026-04-15,65.6,78.5,86.3,31.55,1108303,251961,4.4
8040.TWO,九暘,2026-03-19,2026-04-15,2026-04-16,48.35,58.3,63.6,31.54,2021092,227108,8.9
4739.TW,康普,2026-04-02,2026-04-23,2026-04-23,76.4,100.5,100.5,31.54,20033898,4282541,4.68
6127.TWO,九豪,2026-04-07,2026-04-14,2026-04-16,39.0,48.15,51.3,31.54,54169625,12801920,4.23
3450.TW,聯鈞,2025-11-19,2025-12-08,2025-12-10,214.0,278.0,281.5,31.54,32147485,10581555,3.04
2329.TW,華泰,2025-12-18,2026-01-12,2026-01-19,51.7,59.9,68.0,31.53,52520023,12956320,4.05
4543.TWO,萬在,2025-11-04,2025-11-28,2025-12-02,22.05,25.65,29.0,31.52,957114,120944,7.91
3234.TWO,光環,2025-10-17,2025-10-29,2025-10-30,31.1,37.2,40.9,31.51,2702757,545000,4.96
6937.TW,天虹,2026-02-03,2026-03-02,2026-03-13,209.5,247.5,275.5,31.5,1428171,306951,4.65
6274.TWO,台燿,2025-10-14,2025-10-31,2025-11-12,309.5,385.5,407.0,31.5,44848845,14885522,3.01
5284.TW,jpp-KY,2026-03-20,2026-04-21,2026-04-21,289.0,380.0,380.0,31.49,6441433,1106914,5.82
2451.TW,創見,2025-12-08,2026-01-06,2026-01-07,181.0,216.5,238.0,31.49,23417130,6025902,3.89
7768.TW,頌勝科技,2026-03-10,2026-04-02,2026-04-08,343.0,450.0,451.0,31.49,840723,252934,3.32
8431.TWO,匯鑽科,2026-04-02,2026-04-22,2026-04-22,55.9,73.5,73.5,31.48,9438853,2021472,4.67
3709.TWO,鑫聯大投控,2025-12-16,2026-01-07,2026-01-08,48.6,61.2,63.9,31.48,10848072,3534551,3.07
3060.TW,銘異,2025-09-02,2025-09-18,2025-09-23,19.7,24.7,25.9,31.47,16551600,484500,34.16
6526.TW,達發,2026-03-31,2026-04-22,2026-04-22,464.0,610.0,610.0,31.47,4146311,802246,5.17
2493.TW,揚博,2025-12-17,2025-12-29,2025-12-30,98.5,118.5,129.5,31.47,8670918,2139175,4.05
6127.TWO,九豪,2025-08-27,2025-09-23,2025-09-24,20.5,24.5,26.95,31.46,5969105,612068,9.75
1340.TW,勝悅-KY,2025-11-05,2025-11-10,2025-12-03,5.88,6.77,7.73,31.46,1170002,189970,6.16
4720.TW,德淵,2025-12-05,2026-01-02,2026-01-06,14.15,16.6,18.6,31.45,3047317,214371,14.22
6217.TWO,中探針,2025-12-31,2026-01-20,2026-01-26,51.2,63.8,67.3,31.45,46292815,5111170,9.06
6117.TW,迎廣,2026-03-31,2026-04-13,2026-04-29,69.0,81.8,90.7,31.45,2529500,365696,6.92
2495.TW,普安,2026-02-10,2026-03-19,2026-03-19,30.05,39.5,39.5,31.45,39685325,10644787,3.73
2457.TW,飛宏,2025-09-24,2025-10-16,2025-10-27,24.65,29.0,32.4,31.44,45975527,4495826,10.23
2614.TW,東森,2025-08-14,2025-09-05,2025-09-11,16.7,19.35,21.95,31.44,1815985,268851,6.75
8016.TW,矽創,2026-04-08,2026-04-22,2026-05-07,202.0,240.5,265.5,31.44,3158486,591430,5.34
2409.TW,友達,2026-03-19,2026-04-10,2026-04-16,15.75,18.15,20.7,31.43,838529496,276223280,3.04
6664.TWO,群翊,2025-08-20,2025-08-29,2025-09-03,218.0,259.5,286.5,31.42,2948445,776626,3.8
3669.TW,圓展,2025-12-08,2025-12-29,2026-01-07,29.45,34.9,38.7,31.41,1443332,49000,29.46
8087.TWO,麗升能源,2026-01-28,2026-02-25,2026-03-03,29.45,36.95,38.7,31.41,110000,20725,5.31
2436.TW,偉詮電,2026-03-26,2026-04-21,2026-04-24,60.5,75.1,79.5,31.4,27392212,6454795,4.24
2302.TW,麗正,2026-04-13,2026-05-11,2026-05-12,18.0,21.5,23.65,31.39,4977005,556431,8.94
4442.TWO,竣邦-KY,2025-08-19,2025-08-28,2025-09-05,47.95,57.4,63.0,31.39,628053,92755,6.77
8499.TW,鼎炫-KY,2025-11-10,2025-12-08,2025-12-08,274.0,360.0,360.0,31.39,966814,261795,3.69
5292.TW,華懋,2025-12-16,2025-12-31,2026-01-14,145.0,170.5,190.5,31.38,313950,36579,8.58
6411.TWO,晶焱,2025-09-23,2025-10-22,2025-10-27,74.6,86.3,98.0,31.37,4882663,384127,12.71
3491.TWO,昇達科,2025-08-20,2025-08-27,2025-09-10,339.5,394.0,446.0,31.37,6828414,1350417,5.06
6231.TWO,系微,2025-08-20,2025-09-04,2025-09-17,212.0,250.0,278.5,31.37,3292688,743102,4.43
3441.TWO,聯一光電,2025-11-18,2025-11-26,2025-12-12,31.1,36.3,40.85,31.35,1607200,77963,20.61
5291.TWO,邑昇,2026-01-19,2026-02-24,2026-02-25,37.0,44.2,48.6,31.35,4964500,1405706,3.53
6902.TW,GOGOLOOK,2026-03-19,2026-04-16,2026-04-20,76.9,93.9,101.0,31.34,339284,57862,5.86
6719.TW,力智,2026-04-17,2026-05-12,2026-05-18,167.5,195.0,220.0,31.34,1210318,288519,4.19
3044.TW,健鼎,2026-01-07,2026-01-26,2026-02-04,317.5,369.5,417.0,31.34,10144338,3366634,3.01
3211.TWO,順達,2026-03-24,2026-04-23,2026-04-22,316.0,394.0,415.0,31.33,34902730,8691291,4.02
6791.TWO,虎門科技,2025-08-20,2025-08-25,2025-08-29,116.5,137.5,153.0,31.33,300115,78066,3.84
5864.TWO,致和證,2025-12-16,2026-01-07,2026-01-13,14.05,16.55,18.45,31.32,4324620,728790,5.93
6532.TWO,瑞耘,2026-02-06,2026-03-11,2026-03-16,54.3,64.0,71.3,31.31,1048385,95832,10.94
6197.TW,佳必琪,2026-02-06,2026-03-12,2026-03-18,148.5,171.0,195.0,31.31,7368312,1265085,5.82
3026.TW,禾伸堂,2026-03-02,2026-03-27,2026-03-27,115.0,151.0,151.0,31.3,28748674,2207817,13.02
1725.TW,元禎,2026-02-09,2026-03-16,2026-03-19,27.0,32.45,35.45,31.3,824003,121833,6.76
6168.TW,宏齊,2026-02-25,2026-03-19,2026-03-25,20.45,23.75,26.85,31.3,9131290,3008878,3.03
6869.TW,雲豹能源,2025-12-31,2026-01-19,2026-01-26,91.4,109.0,120.0,31.29,7414814,724244,10.24
6120.TW,達運,2025-11-17,2025-12-05,2025-12-11,10.55,12.4,13.85,31.28,10260231,1300597,7.89
6284.TWO,佳邦,2025-10-14,2025-10-27,2025-11-03,68.1,84.9,89.4,31.28,11085061,2081846,5.32
3438.TWO,類比科,2026-03-31,2026-04-22,2026-04-27,43.8,50.6,57.5,31.28,368203,94006,3.92
4952.TW,凌通,2026-01-27,2026-03-02,2026-03-06,38.7,44.65,50.8,31.27,1730219,196417,8.81
3712.TW,永崴投控,2026-04-07,2026-04-22,2026-04-21,17.75,21.3,23.3,31.27,3542712,625685,5.66
6231.TWO,系微,2026-03-30,2026-04-23,2026-04-22,265.5,316.0,348.5,31.26,6914263,1644786,4.2
6179.TWO,亞通,2025-08-25,2025-08-28,2025-09-22,27.2,32.45,35.7,31.25,19838985,1379976,14.38
6776.TW,展碁國際,2026-03-03,2026-03-18,2026-03-19,56.0,69.8,73.5,31.25,6157999,1410438,4.37
2317.TW,鴻海,2026-04-07,2026-05-06,2026-05-06,192.0,252.0,252.0,31.25,233432260,57991816,4.03
1717.TW,長興,2025-08-14,2025-08-18,2025-09-01,35.05,42.4,46.0,31.24,111162096,6359135,17.48
2436.TW,偉詮電,2025-08-15,2025-09-03,2025-09-08,46.25,53.2,60.7,31.24,4587302,1005977,4.56
3550.TW,聯穎,2025-12-03,2025-12-22,2025-12-31,12.65,14.6,16.6,31.23,2574061,241318,10.67
6197.TW,佳必琪,2026-03-31,2026-04-29,2026-04-30,158.5,206.5,208.0,31.23,14022267,4330334,3.24
4949.TW,有成精密,2026-02-02,2026-03-11,2026-03-12,47.4,56.6,62.2,31.22,7773453,1967386,3.95
6182.TWO,合晶,2025-08-19,2025-09-16,2025-09-16,24.35,31.95,31.95,31.21,83228657,4152456,20.04
4943.TW,康控-KY,2025-10-08,2025-11-06,2025-11-07,9.87,12.8,12.95,31.21,161370,24671,6.54
2312.TW,金寶,2026-03-23,2026-04-21,2026-04-22,22.75,27.15,29.85,31.21,65903841,20769921,3.17
1419.TW,新紡,2025-10-31,2025-11-25,2025-11-24,56.4,72.6,74.0,31.21,3252812,1071933,3.03
1301.TW,台塑,2025-12-30,2026-01-26,2026-01-28,39.1,48.8,51.3,31.2,88903464,18154741,4.9
2033.TW,佳大,2025-08-28,2025-09-23,2025-09-25,16.35,19.4,21.45,31.19,362016,68158,5.31
1736.TW,喬山,2025-09-05,2025-09-22,2025-10-02,139.5,171.0,183.0,31.18,2565036,491377,5.22
4741.TWO,泓瀚,2026-02-25,2026-03-18,2026-03-26,22.3,26.95,29.25,31.17,1885420,91925,20.51
3357.TWO,臺慶科,2025-09-18,2025-10-09,2025-10-21,123.5,142.5,162.0,31.17,6226704,404810,15.38
6689.TW,伊雲谷,2026-02-06,2026-03-02,2026-03-18,60.0,72.9,78.7,31.17,3051033,275459,11.08
5222.TW,全訊,2025-08-20,2025-08-26,2025-09-05,123.5,143.5,162.0,31.17,5704387,1066586,5.35
7712.TWO,博盛半導體,2026-01-20,2026-02-25,2026-02-26,83.1,99.1,109.0,31.17,842649,268284,3.14
2331.TW,精英,2025-11-21,2025-12-11,2025-12-15,19.9,22.9,26.1,31.16,20719191,1900287,10.9
6138.TWO,茂達,2025-09-03,2025-09-15,2025-10-02,183.0,217.5,240.0,31.15,9679935,724131,13.37
6499.TWO,益安,2025-09-18,2025-10-15,2025-10-15,97.4,127.74,127.74,31.15,14689649,1659029,8.85
6470.TWO,宇智,2026-01-12,2026-01-23,2026-01-23,40.95,53.7,53.7,31.14,5285290,102888,51.37
3171.TWO,炎洲流通,2026-02-26,2026-03-16,2026-03-27,50.1,59.7,65.7,31.14,557289,33536,16.62
6525.TW,捷敏-KY,2026-04-08,2026-04-22,2026-05-07,83.5,96.4,109.5,31.14,1176680,267968,4.39
2492.TW,華新科,2026-04-02,2026-04-14,2026-04-20,114.0,143.0,149.5,31.14,25497074,7575129,3.37
1340.TW,勝悅-KY,2025-08-26,2025-09-22,2025-09-23,6.2,7.81,8.13,31.13,1043507,66143,15.78
4174.TWO,浩鼎,2025-11-04,2025-11-18,2025-11-19,48.5,60.1,63.6,31.13,3059632,543447,5.63
3081.TWO,聯亞,2025-11-03,2025-11-27,2025-11-27,408.0,535.0,535.0,31.13,18319838,3570170,5.13
5269.TW,祥碩,2026-04-02,2026-04-23,2026-05-04,1060.0,1275.0,1390.0,31.13,4660430,956658,4.87
3675.TWO,德微,2026-03-31,2026-04-23,2026-04-23,181.5,238.0,238.0,31.13,4768644,1285136,3.71
6239.TW,力成,2025-09-05,2025-09-12,2025-10-07,120.5,142.0,158.0,31.12,24653678,2265546,10.88
3312.TW,弘憶股,2026-03-23,2026-04-16,2026-04-22,36.15,41.85,47.4,31.12,4448656,946729,4.7
6609.TWO,瀧澤科,2025-12-26,2026-01-19,2026-01-26,36.65,46.05,48.05,31.11,2290190,153222,14.95
6683.TWO,雍智科技,2025-11-18,2025-12-01,2025-12-02,360.0,457.0,472.0,31.11,2842066,616422,4.61
3362.TWO,先進光,2026-03-31,2026-04-14,2026-04-20,92.3,112.0,121.01,31.1,3853431,366775,10.51
6603.TWO,富強鑫,2026-03-31,2026-04-17,2026-04-23,20.9,25.45,27.4,31.1,6460089,849583,7.6
2066.TWO,世德,2026-04-17,2026-05-14,2026-05-15,46.3,55.6,60.7,31.1,163000,38404,4.24
2363.TW,矽統,2026-01-05,2026-01-21,2026-01-27,46.15,56.9,60.5,31.09,29758659,2495991,11.92
7704.TWO,明遠精密,2026-03-09,2026-04-07,2026-04-08,43.1,51.4,56.5,31.09,188000,48012,3.92
3086.TWO,華義*,2026-02-26,2026-03-17,2026-03-24,23.0,26.8,30.15,31.09,4631490,1536926,3.01
2313.TW,華通,2025-12-08,2025-12-23,2026-01-07,84.3,101.5,110.5,31.08,109192666,10625537,10.28
5309.TWO,系統電,2025-11-17,2025-12-10,2025-12-12,54.7,67.5,71.7,31.08,29122673,9176349,3.17
8935.TWO,邦泰,2026-01-12,2026-01-27,2026-02-09,17.7,22.4,23.2,31.07,4892573,492444,9.94
7822.TW,倍利科,2025-10-20,2025-10-30,2025-11-03,486.0,599.0,637.0,31.07,980364,195577,5.01
5347.TWO,世界,2025-12-12,2026-01-08,2026-01-12,90.8,109.0,119.0,31.06,99496759,4195049,23.72
7788.TW,松川精密,2026-04-02,2026-04-23,2026-04-29,132.0,169.5,173.0,31.06,1068746,341363,3.13
7751.TWO,竑騰,2025-09-03,2025-09-25,2025-09-25,455.5,597.0,597.0,31.06,1151851,368924,3.12
3169.TWO,亞信,2026-04-10,2026-04-21,2026-05-11,88.9,105.5,116.5,31.05,1436580,162290,8.85
3455.TWO,由田,2025-12-11,2025-12-31,2026-01-05,93.1,112.5,122.0,31.04,7840201,539324,14.54
6953.TWO,家碩,2025-12-12,2026-01-09,2026-01-13,203.0,236.5,266.0,31.03,551178,12786,43.11
1541.TW,錩泰,2026-01-13,2026-01-19,2026-01-20,22.4,28.05,29.35,31.03,603000,24016,25.11
8147.TWO,正淩,2026-01-16,2026-02-04,2026-02-24,101.5,117.5,133.0,31.03,1222074,86256,14.17
1595.TWO,川寶,2026-03-19,2026-04-13,2026-04-16,40.45,47.85,53.0,31.03,1564102,205690,7.6
6175.TWO,立敦,2026-03-18,2026-04-13,2026-04-17,49.3,58.0,64.6,31.03,13189973,1913362,6.89
2231.TW,為升,2026-02-26,2026-03-26,2026-03-27,95.4,114.0,125.0,31.03,3677959,602336,6.11
2401.TW,凌陽,2026-03-31,2026-04-17,2026-04-22,19.5,23.65,25.55,31.03,13824543,2421084,5.71
8064.TWO,東捷,2025-12-16,2026-01-12,2026-01-15,43.35,50.8,56.8,31.03,9182641,1626019,5.65
6640.TWO,均華,2025-12-15,2026-01-05,2026-01-13,622.0,718.0,815.0,31.03,1073007,197628,5.43
6967.TWO,汎瑋材料,2025-11-18,2025-12-08,2025-12-16,59.0,73.1,77.3,31.02,1400088,40903,34.23
1723.TW,中碳,2026-03-09,2026-03-27,2026-03-30,67.7,80.7,88.7,31.02,4697090,446731,10.51
5201.TWO,凱衛,2025-09-03,2025-10-01,2025-10-02,38.15,45.5,49.98,31.02,4725108,706968,6.68
3675.TWO,德微,2025-08-21,2025-09-04,2025-09-18,122.5,143.0,160.5,31.02,2465351,396930,6.21
6465.TWO,威潤,2026-03-31,2026-04-21,2026-04-21,43.2,56.6,56.6,31.02,2294864,421695,5.44
4927.TW,泰鼎-KY,2025-11-14,2025-12-10,2025-12-12,22.25,27.8,29.15,31.01,33022821,4419514,7.47
2460.TW,建通,2025-11-12,2025-12-01,2025-12-10,15.8,18.75,20.7,31.01,1406745,204603,6.88
2303.TW,聯電,2026-03-19,2026-04-17,2026-04-20,58.7,73.0,76.9,31.01,494806022,95381754,5.19
3055.TW,蔚華科,2025-11-13,2025-12-09,2025-12-10,58.7,73.4,76.9,31.01,2509598,636629,3.94
5521.TW,工信,2025-10-23,2025-11-04,2025-11-18,11.45,14.0,15.0,31.0,25202996,996714,25.29
2444.TW,兆勁,2025-12-24,2026-01-21,2026-01-22,11.45,13.65,15.0,31.0,3594006,303860,11.83
8289.TWO,泰藝,2026-03-18,2026-04-17,2026-04-17,37.9,49.65,49.65,31.0,21582202,2409736,8.96
6138.TWO,茂達,2026-04-13,2026-05-07,2026-05-12,221.0,262.0,289.5,31.0,1833061,373142,4.91
6715.TW,嘉基,2026-01-02,2026-01-29,2026-01-30,100.0,119.5,131.0,31.0,262048,55492,4.72
3092.TW,鴻碩,2026-03-31,2026-04-16,2026-04-15,27.75,34.3,36.35,30.99,8476644,1296663,6.54
6432.TWO,今展科,2025-10-16,2025-10-27,2025-10-28,29.2,34.8,38.25,30.99,1510108,370268,4.08
6796.TW,晉弘,2025-09-22,2025-10-13,2025-10-23,72.3,85.5,94.7,30.98,188832,19265,9.8
6204.TWO,艾華,2026-04-09,2026-04-17,2026-05-05,58.1,68.5,76.1,30.98,375050,51242,7.32
2301.TW,光寶科,2025-08-19,2025-09-11,2025-09-16,127.5,165.5,167.0,30.98,156826000,32728272,4.79
2454.TW,聯發科,2026-01-20,2026-01-26,2026-02-26,1485.0,1770.0,1945.0,30.98,23813770,6948289,3.43
8155.TWO,博智,2025-12-30,2026-01-27,2026-01-28,169.5,213.0,222.0,30.97,7351353,1499081,4.9
3663.TWO,鑫科,2026-02-03,2026-03-12,2026-03-13,56.5,72.6,74.0,30.97,13977066,4587347,3.05
6654.TWO,天正國際,2025-10-01,2025-10-31,2025-11-03,71.7,85.4,93.9,30.96,338030,40844,8.28
3086.TWO,華義*,2025-09-15,2025-10-09,2025-10-16,14.05,17.6,18.4,30.96,4938640,989604,4.99
1727.TW,中華化,2025-12-05,2025-12-22,2026-01-06,37.15,43.4,48.65,30.96,24316606,7769572,3.13
6432.TWO,今展科,2025-09-11,2025-10-07,2025-10-08,25.2,31.55,33.0,30.95,639021,45666,13.99
5468.TWO,凱鈺,2025-10-23,2025-11-12,2025-11-12,16.8,22.0,22.0,30.95,1197612,262269,4.57
6116.TW,彩晶,2025-12-05,2026-01-05,2026-01-06,7.37,8.78,9.65,30.94,45162112,4703501,9.6
1809.TW,中釉,2026-04-08,2026-05-07,2026-05-07,26.35,34.5,34.5,30.93,38671101,7370012,5.25
2491.TW,吉祥全,2026-04-07,2026-05-05,2026-05-06,14.55,17.35,19.05,30.93,903998,213896,4.23
2441.TW,超豐,2025-12-04,2025-12-10,2026-01-02,68.9,79.7,90.2,30.91,15077610,3055215,4.94
2924.TWO,宏太-KY,2026-03-30,2026-04-09,2026-04-28,17.15,20.45,22.45,30.9,19000,1806,10.52
6870.TWO,騰雲,2025-11-19,2025-12-11,2025-12-17,178.0,217.5,233.0,30.9,261257,78604,3.32
2312.TW,金寶,2025-12-15,2026-01-13,2026-01-14,23.15,27.55,30.3,30.89,212719983,22353413,9.52
5210.TWO,寶碩,2026-04-07,2026-05-05,2026-05-06,21.85,27.5,28.6,30.89,891015,132727,6.71
6923.TW,中台,2025-09-09,2025-09-16,2025-10-09,95.5,114.0,125.0,30.89,3981705,847622,4.7
5245.TWO,智晶,2026-01-21,2026-01-30,2026-02-02,25.9,30.85,33.9,30.89,1713000,381923,4.49
2404.TW,漢唐,2025-11-21,2025-12-11,2025-12-19,751.0,897.0,983.0,30.89,7832179,2089546,3.75
4960.TW,誠美材,2026-01-28,2026-03-05,2026-03-06,13.6,16.2,17.8,30.88,29391050,1898870,15.48
3090.TW,日電貿,2026-04-16,2026-05-14,2026-05-15,108.5,129.5,142.0,30.88,28392529,4304881,6.6
6204.TWO,艾華,2025-09-17,2025-09-22,2025-10-20,61.2,72.3,80.1,30.88,943068,152391,6.19
3036.TW,文曄,2026-04-20,2026-05-12,2026-05-13,217.0,275.5,284.0,30.88,42832661,8601969,4.98
2049.TW,上銀,2025-12-29,2026-01-19,2026-01-27,196.0,230.0,256.5,30.87,12769973,1724300,7.41
6933.TW,AMAX-KY,2025-10-13,2025-10-31,2025-11-03,175.0,208.5,229.0,30.86,2815614,240620,11.7
1721.TW,三晃,2026-01-06,2026-01-16,2026-01-19,16.85,20.6,22.05,30.86,19805967,3919118,5.05
3008.TW,大立光,2026-03-31,2026-04-14,2026-04-15,2155.0,2670.0,2820.0,30.86,3258173,787680,4.14
6426.TW,統新,2026-03-09,2026-03-20,2026-04-08,134.5,169.0,176.0,30.86,13656919,4478535,3.05
6405.TW,悅城,2025-12-18,2025-12-24,2026-01-19,24.8,28.85,32.45,30.85,2278717,114211,19.95
2424.TW,隴華,2026-01-13,2026-01-29,2026-01-29,32.1,42.0,42.0,30.84,412041,97174,4.24
3023.TW,信邦,2026-01-21,2026-01-27,2026-02-25,186.5,230.0,244.0,30.83,10191516,1256398,8.11
7750.TW,新代,2026-01-13,2026-02-04,2026-02-10,879.0,1080.0,1150.0,30.83,806305,138962,5.8
6207.TWO,雷科,2026-03-31,2026-04-30,2026-04-30,49.3,64.5,64.5,30.83,14849191,2591628,5.73
8131.TW,福懋科,2025-09-26,2025-10-17,2025-10-28,30.0,35.2,39.25,30.83,4347689,1037069,4.19
4304.TWO,勝昱,2026-03-31,2026-04-02,2026-04-28,24.0,28.9,31.4,30.83,98704,30312,3.26
3207.TWO,耀勝,2026-02-10,2026-02-26,2026-03-02,63.6,81.6,83.2,30.82,4411306,938742,4.7
7799.TW,禾榮科,2026-01-27,2026-02-26,2026-02-26,425.0,556.0,556.0,30.82,2086066,658474,3.17
6708.TWO,天擎,2025-12-26,2026-01-19,2026-01-26,37.0,43.5,48.4,30.81,51100,8784,5.82
3483.TWO,力致,2026-03-30,2026-04-14,2026-04-23,77.6,92.1,101.5,30.8,4692406,486088,9.65
3685.TWO,元創精密,2026-04-09,2026-04-15,2026-04-20,26.8,32.2,35.05,30.78,1043550,313054,3.33
2009.TW,第一銅,2025-09-08,2025-09-26,2025-10-07,33.8,41.95,44.2,30.77,41867265,1749154,23.94
6884.TWO,海柏特,2025-11-18,2025-12-09,2025-12-12,52.0,60.3,68.0,30.77,10263,564,18.17
6962.TW,奕力-KY,2026-03-24,2026-04-23,2026-04-23,30.55,39.95,39.95,30.77,32942849,2733020,12.05
2486.TW,一詮,2025-10-28,2025-11-13,2025-11-18,78.0,91.8,102.0,30.77,27918962,5017777,5.56
4919.TW,新唐,2025-12-30,2026-01-19,2026-01-28,50.7,60.2,66.3,30.77,8501456,1724851,4.93
4743.TWO,合一,2025-12-17,2026-01-09,2026-01-14,57.2,69.3,74.8,30.77,12694183,3278996,3.87
4739.TW,康普,2025-08-29,2025-09-09,2025-09-26,55.9,67.8,73.1,30.77,5035669,1338851,3.76
2605.TW,新興,2026-03-10,2026-03-17,2026-03-19,33.15,40.6,43.35,30.77,80489194,25225683,3.19
3663.TWO,鑫科,2026-01-09,2026-01-15,2026-01-22,52.7,68.4,68.9,30.74,13259652,3066184,4.32
8027.TWO,鈦昇,2026-04-02,2026-05-04,2026-05-04,154.5,202.0,202.0,30.74,31214361,7400665,4.22
5355.TWO,佳總,2025-10-07,2025-10-30,2025-11-03,7.42,9.09,9.7,30.73,4107008,345758,11.88
6163.TWO,華電網,2025-10-16,2025-10-30,2025-11-14,21.8,25.2,28.5,30.73,10702859,2283534,4.69
3306.TWO,鼎天,2025-08-19,2025-08-27,2025-09-03,49.95,60.9,65.3,30.73,3614094,815854,4.43
6203.TWO,海韻電,2025-10-17,2025-11-10,2025-11-14,63.8,78.3,83.4,30.72,2590414,113171,22.89
6909.TW,創控,2026-03-09,2026-03-11,2026-03-18,37.6,44.7,49.15,30.72,3117714,466860,6.68
4722.TW,國精化,2026-01-26,2026-02-26,2026-02-26,166.0,217.0,217.0,30.72,8394337,2765549,3.04
1454.TW,台富,2026-01-06,2026-02-02,2026-02-03,12.7,15.85,16.6,30.71,1361999,36489,37.33
2478.TW,大毅,2025-12-16,2026-01-14,2026-01-13,54.7,70.2,71.5,30.71,25191526,3519407,7.16
7714.TWO,創泓科技,2025-12-18,2025-12-31,2026-01-02,140.0,166.5,183.0,30.71,1098002,302816,3.63
4909.TWO,新復興,2026-02-02,2026-03-02,2026-03-02,53.4,69.8,69.8,30.71,16677903,5084668,3.28
4923.TWO,力士,2026-03-03,2026-03-18,2026-03-18,31.6,41.3,41.3,30.7,483801,105986,4.56
5289.TWO,宜鼎,2025-09-24,2025-10-13,2025-10-27,342.0,398.0,447.0,30.7,14316631,4009015,3.57
1570.TWO,力肯,2025-08-26,2025-09-15,2025-09-17,20.85,25.25,27.25,30.7,345001,113674,3.03
4806.TWO,桂田文創,2026-01-16,2026-02-11,2026-02-24,10.1,11.7,13.2,30.69,97399,12405,7.85
3189.TW,景碩,2025-12-16,2026-01-07,2026-01-12,138.5,175.0,181.0,30.69,64223773,20484713,3.14
3390.TWO,旭軟,2026-03-25,2026-04-22,2026-04-24,22.0,27.35,28.75,30.68,4962414,579504,8.56
8942.TWO,森鉅,2026-03-16,2026-04-10,2026-04-14,35.2,42.5,46.0,30.68,1709609,246638,6.93
4939.TWO,亞電,2025-08-22,2025-09-05,2025-09-16,20.05,23.1,26.2,30.67,1955057,515653,3.79
3033.TW,威健,2026-04-07,2026-05-04,2026-05-06,32.45,37.9,42.4,30.66,30641916,8433590,3.63
3264.TWO,欣銓,2025-10-14,2025-11-03,2025-11-03,77.3,101.0,101.0,30.66,28580969,8455670,3.38
6526.TW,達發,2026-01-21,2026-02-26,2026-03-02,422.5,517.0,552.0,30.65,1630459,220693,7.39
7728.TWO,光焱科技,2026-03-09,2026-03-24,2026-03-23,682.0,802.0,891.0,30.65,2291136,377548,6.07
6265.TWO,方土昶,2025-09-02,2025-09-16,2025-09-18,9.95,11.6,13.0,30.65,2979206,893778,3.33
9949.TWO,琉園,2026-03-18,2026-03-31,2026-04-16,27.25,32.85,35.6,30.64,426092,78090,5.46
6716.TWO,應廣,2025-10-13,2025-10-31,2025-11-03,49.3,58.6,64.4,30.63,669326,92845,7.21
3338.TW,泰碩,2026-02-09,2026-03-18,2026-03-19,50.6,63.5,66.1,30.63,3939781,1053664,3.74
3288.TWO,點晶,2025-10-09,2025-11-03,2025-11-04,16.5,19.6,21.55,30.61,47492,9425,5.04
6957.TW,裕慶-KY,2025-10-08,2025-11-05,2025-11-07,171.5,213.5,224.0,30.61,535713,123414,4.34
6584.TWO,南俊國際,2026-01-13,2026-02-09,2026-02-10,312.0,377.0,407.5,30.61,3280997,1055416,3.11
6443.TW,元晶,2025-11-13,2025-12-10,2025-12-11,13.4,16.5,17.5,30.6,24891720,2744954,9.07
1326.TW,台化,2026-02-06,2026-02-26,2026-02-26,39.05,51.0,51.0,30.6,134458146,40689861,3.3
6716.TWO,應廣,2026-03-31,2026-04-24,2026-04-22,64.7,84.0,84.5,30.6,1494172,470547,3.18
3141.TWO,晶宏,2025-11-17,2025-12-02,2025-12-09,41.35,51.3,54.0,30.59,9306550,370391,25.13
4440.TW,宜新實業,2025-09-23,2025-10-13,2025-10-17,17.0,19.95,22.2,30.59,372113,57368,6.49
3354.TWO,律勝,2026-03-31,2026-04-21,2026-04-20,23.7,29.6,30.95,30.59,7517200,1681159,4.47
4966.TWO,譜瑞-KY,2026-03-25,2026-04-22,2026-04-24,497.0,590.0,649.0,30.58,3482559,698463,4.99
3444.TWO,利機,2025-08-14,2025-08-28,2025-09-01,53.3,61.9,69.6,30.58,816000,186989,4.36
3430.TWO,奇鈦科,2026-02-06,2026-02-24,2026-03-18,65.4,77.9,85.4,30.58,4253223,1054062,4.04
2371.TW,大同,2025-12-18,2026-01-14,2026-01-19,30.75,37.55,40.15,30.57,213280093,25917092,8.23
2305.TW,全友,2026-03-03,2026-03-26,2026-03-27,13.25,16.15,17.3,30.57,5594814,972833,5.75
6588.TWO,東典光電,2026-01-02,2026-01-30,2026-01-30,51.7,67.5,67.5,30.56,9820027,2360189,4.16
2464.TW,盟立,2026-03-24,2026-04-21,2026-04-22,72.0,86.1,94.0,30.56,26850215,6802035,3.95
6207.TWO,雷科,2025-12-31,2026-01-06,2026-01-28,47.65,56.5,62.2,30.54,8429799,274254,30.74
1441.TW,大東,2026-03-23,2026-04-21,2026-04-22,9.92,11.8,12.95,30.54,398785,20996,18.99
3090.TW,日電貿,2025-11-18,2025-12-11,2025-12-11,81.2,106.0,106.0,30.54,45335077,11293297,4.01
3467.TWO,台灣精材,2026-03-13,2026-03-27,2026-04-14,38.0,47.2,49.6,30.53,694739,34659,20.04
8176.TWO,智捷,2026-03-04,2026-03-18,2026-03-19,10.65,13.1,13.9,30.52,2968506,128389,23.12
2321.TW,東訊,2025-08-14,2025-08-25,2025-09-08,15.4,19.1,20.1,30.52,103036,5664,18.19
6664.TWO,群翊,2025-11-17,2025-12-10,2025-12-11,242.5,309.0,316.5,30.52,3999261,564737,7.08
2406.TW,國碩,2026-01-30,2026-03-03,2026-03-02,27.85,35.15,36.35,30.52,100837923,24629617,4.09
3026.TW,禾伸堂,2025-09-17,2025-10-09,2025-10-20,88.5,102.0,115.5,30.51,5167700,387161,13.35
8277.TWO,商丞,2026-01-06,2026-01-23,2026-01-22,9.08,10.8,11.85,30.51,2982482,426669,6.99
4543.TWO,萬在,2026-03-09,2026-03-13,2026-03-30,27.2,33.45,35.5,30.51,1011527,227626,4.44
3149.TW,正達,2025-09-15,2025-09-23,2025-10-08,35.4,44.3,46.2,30.51,22195143,6631748,3.35
6173.TWO,信昌電,2025-10-13,2025-10-20,2025-11-03,49.5,59.6,64.6,30.51,37156613,11855836,3.13
6485.TWO,點序,2025-09-23,2025-10-13,2025-10-16,65.9,80.8,86.0,30.5,12765581,1576561,8.1
3236.TWO,千如,2025-10-09,2025-10-21,2025-10-29,20.0,24.6,26.1,30.5,17480150,2668106,6.55
6190.TWO,萬泰科,2026-01-05,2026-01-27,2026-01-26,43.6,52.5,56.9,30.5,37366609,7350105,5.08
3528.TW,安馳,2026-04-07,2026-04-22,2026-05-06,64.6,75.4,84.3,30.5,576149,179788,3.2
8028.TW,昇陽半導體,2026-03-30,2026-04-22,2026-04-29,188.5,230.0,246.0,30.5,34488241,11215350,3.08
3631.TWO,晟楠,2026-03-23,2026-04-21,2026-04-22,29.85,35.45,38.95,30.49,1662412,144165,11.53
3466.TWO,德晉,2025-08-14,2025-08-29,2025-09-03,38.7,47.0,50.5,30.49,3597390,534756,6.73
4952.TW,凌通,2026-03-23,2026-04-22,2026-04-22,41.0,53.5,53.5,30.49,6594086,1796218,3.67
8438.TW,昶昕,2025-12-01,2025-12-29,2025-12-30,29.2,34.65,38.1,30.48,2104000,74871,28.1
2239.TW,英利-KY,2025-08-26,2025-09-05,2025-09-22,28.05,32.5,36.6,30.48,367000,81168,4.52
3265.TWO,台星科,2026-03-13,2026-04-08,2026-04-14,134.5,158.0,175.5,30.48,6907414,1893632,3.65
4442.TWO,竣邦-KY,2025-11-13,2025-11-17,2025-11-19,54.8,64.5,71.5,30.47,347200,52725,6.59
4563.TWO,百德,2026-04-02,2026-04-22,2026-05-04,40.7,48.5,53.1,30.47,892174,136706,6.53
2409.TW,友達,2025-12-05,2026-01-05,2026-01-06,11.65,13.85,15.2,30.47,263863160,72681155,3.63
3450.TW,聯鈞,2026-01-22,2026-02-26,2026-03-03,256.0,309.5,334.0,30.47,33100228,9920038,3.34
2457.TW,飛宏,2025-12-23,2026-01-21,2026-01-22,29.55,37.0,38.55,30.46,71547746,4180049,17.12
4534.TWO,慶騰,2025-12-18,2026-01-16,2026-01-19,15.1,17.95,19.7,30.46,2800424,240217,11.66
6229.TWO,研通,2026-03-30,2026-04-14,2026-04-21,20.85,24.65,27.2,30.46,476050,72227,6.59
8390.TWO,金益鼎,2026-04-16,2026-05-12,2026-05-15,91.6,110.5,119.5,30.46,4370242,717379,6.09
9933.TW,中鼎,2026-03-04,2026-03-24,2026-03-25,30.2,36.5,39.4,30.46,17664164,3663360,4.82
4564.TW,元翎,2026-01-30,2026-02-24,2026-03-02,16.25,19.15,21.2,30.46,4007838,964541,4.16
2423.TW,固緯,2026-04-01,2026-04-20,2026-05-04,47.45,56.5,61.9,30.45,816222,92888,8.79
2472.TW,立隆電,2026-04-16,2026-05-11,2026-05-13,179.0,225.0,233.5,30.45,15968889,5307583,3.01
7744.TWO,崴寶,2026-04-02,2026-04-23,2026-05-05,438.5,548.0,572.0,30.44,431541,104489,4.13
3521.TWO,台鋼建設,2025-11-03,2025-11-25,2025-11-27,11.5,14.1,15.0,30.43,2006170,53863,37.25
2484.TW,希華,2025-12-16,2026-01-14,2026-01-15,20.7,25.3,27.0,30.43,2040803,189126,10.79
5011.TWO,久陽,2025-12-16,2026-01-14,2026-01-15,10.35,12.3,13.5,30.43,856005,87660,9.76
2395.TW,研華,2026-02-04,2026-03-06,2026-03-06,287.5,375.0,375.0,30.43,19650666,2483193,7.91
6290.TWO,良維,2025-09-12,2025-10-14,2025-10-15,115.0,143.5,150.0,30.43,42082821,7296534,5.77
4528.TWO,江興鍛,2025-12-23,2026-01-19,2026-01-20,16.6,19.7,21.65,30.42,291013,16202,17.96
6462.TWO,神盾,2025-09-25,2025-10-21,2025-10-28,120.0,143.0,156.5,30.42,4241035,1040488,4.08
6785.TWO,昱展新藥,2025-08-14,2025-08-22,2025-09-10,177.5,208.0,231.5,30.42,1106370,271739,4.07
2465.TW,麗臺,2025-09-15,2025-10-08,2025-10-16,59.1,68.9,77.07,30.41,4606550,352247,13.08
3317.TWO,尼克森,2026-04-08,2026-05-05,2026-05-07,51.3,62.2,66.9,30.41,10180820,1181947,8.61
4908.TWO,前鼎,2026-03-09,2026-03-20,2026-03-20,87.8,114.5,114.5,30.41,23737289,4086822,5.81
3591.TW,艾笛森,2026-03-09,2026-03-13,2026-04-08,17.1,20.1,22.3,30.41,2211475,432314,5.12
6257.TW,矽格,2025-10-14,2025-11-03,2025-11-03,87.8,114.5,114.5,30.41,15441127,4055514,3.81
2419.TW,仲琦,2026-03-24,2026-03-27,2026-04-16,28.95,35.4,37.75,30.4,41978546,3506730,11.97
1568.TW,倉佑,2026-03-23,2026-04-21,2026-04-22,22.7,27.95,29.6,30.4,1247212,127281,9.8
8171.TWO,天宇,2026-01-07,2026-01-14,2026-01-28,23.85,27.65,31.1,30.4,665000,100894,6.59
6196.TW,帆宣,2025-12-05,2025-12-19,2026-01-06,227.0,272.0,296.0,30.4,4683438,1352269,3.46
1802.TW,台玻,2025-10-23,2025-11-13,2025-11-13,27.65,36.05,36.05,30.38,492482836,86114867,5.72
2467.TW,志聖,2025-08-19,2025-08-27,2025-09-10,163.0,202.0,212.5,30.37,9960683,2235601,4.46
6785.TWO,昱展新藥,2025-11-18,2025-12-08,2025-12-09,230.5,297.5,300.5,30.37,664501,215811,3.08
6933.TW,AMAX-KY,2026-03-09,2026-04-08,2026-04-08,123.5,161.0,161.0,30.36,2353316,112070,21.0
3701.TW,大眾控,2025-11-19,2025-12-12,2025-12-17,30.3,37.75,39.5,30.36,4579656,369069,12.41
3631.TWO,晟楠,2026-01-05,2026-01-20,2026-01-23,22.9,28.3,29.85,30.35,536011,69182,7.75
6698.TW,旭暉應材,2025-12-24,2026-01-02,2026-01-22,28.5,33.9,37.15,30.35,681052,102069,6.67
1784.TWO,訊聯,2025-09-30,2025-10-30,2025-10-31,79.4,99.8,103.5,30.35,3579374,645388,5.55
3629.TWO,地心引力,2025-10-29,2025-11-04,2025-11-03,21.25,27.35,27.7,30.35,13100,4169,3.14
6541.TW,泰福-KY,2025-09-11,2025-10-09,2025-10-14,50.1,58.0,65.3,30.34,3391466,694243,4.89
3490.TWO,單井,2026-04-17,2026-05-15,2026-05-18,29.0,36.9,37.8,30.34,8295615,2033006,4.08
3236.TWO,千如,2025-09-11,2025-09-19,2025-09-24,16.65,19.4,21.7,30.33,3044930,143301,21.25
2493.TW,揚博,2025-11-19,2025-12-05,2025-12-08,86.7,105.0,113.0,30.33,3444240,733727,4.69
3226.TWO,龍鋒,2025-12-19,2026-01-15,2026-01-20,43.2,50.9,56.3,30.32,123000,3225,38.14
3163.TWO,波若威,2026-01-07,2026-01-29,2026-02-04,376.0,472.5,490.0,30.32,30187863,9209091,3.28
3260.TWO,威剛,2025-08-18,2025-09-10,2025-09-15,98.6,117.0,128.5,30.32,14426272,4575188,3.15
3680.TWO,家登,2026-03-24,2026-04-20,2026-04-21,386.0,473.0,503.0,30.31,4181668,981605,4.26
3135.TW,凌航,2025-08-22,2025-09-18,2025-09-18,32.5,42.35,42.35,30.31,4682045,1538583,3.04
2493.TW,揚博,2025-08-14,2025-08-26,2025-08-29,132.0,155.5,172.0,30.3,6865622,1923243,3.57
7715.TWO,裕山,2025-12-18,2026-01-13,2026-01-14,30.7,36.4,40.0,30.29,507020,37859,13.39
6862.TW,三集瑞-KY,2025-12-29,2026-01-05,2026-01-27,153.5,181.0,200.0,30.29,2313300,246560,9.38
3707.TWO,漢磊,2025-12-22,2026-01-20,2026-01-21,51.5,61.9,67.1,30.29,27617900,3479231,7.94
8455.TWO,大拓-KY,2025-09-22,2025-09-26,2025-09-30,20.8,24.65,27.1,30.29,49000,9910,4.94
6202.TW,盛群,2025-12-26,2026-01-22,2026-01-26,37.15,44.2,48.4,30.28,8284058,296578,27.93
6743.TW,安普新,2026-03-27,2026-04-28,2026-04-28,23.45,30.55,30.55,30.28,3299327,191118,17.26
2413.TW,環科,2026-01-28,2026-02-26,2026-02-26,43.6,56.8,56.8,30.28,27694122,5245412,5.28
6153.TW,嘉聯益,2026-03-31,2026-04-21,2026-04-21,15.85,20.65,20.65,30.28,16248584,5014647,3.24
7584.TWO,樂意,2025-08-25,2025-09-18,2025-09-22,44.6,52.3,58.1,30.27,176000,42117,4.18
6163.TWO,華電網,2026-03-04,2026-03-23,2026-03-26,50.9,62.9,66.3,30.26,28057350,5552144,5.05
2495.TW,普安,2026-03-26,2026-04-14,2026-04-15,34.7,41.1,45.2,30.26,33077627,10223777,3.24
2601.TW,益航,2026-01-30,2026-03-04,2026-03-05,5.52,6.57,7.19,30.25,10331462,1643873,6.28
9949.TWO,琉園,2025-11-20,2025-11-26,2025-12-18,21.0,24.6,27.35,30.24,513200,16912,30.34
1524.TW,耿鼎,2026-01-05,2026-01-16,2026-01-27,27.45,32.95,35.75,30.24,12855993,753095,17.07
4716.TWO,大立,2025-09-01,2025-09-23,2025-09-30,13.74,16.8,17.9,30.24,4197157,451873,9.29
6716.TWO,應廣,2025-08-21,2025-09-04,2025-09-18,42.0,51.4,54.7,30.24,512000,82315,6.22
6643.TWO,M31,2025-12-29,2026-01-07,2026-01-27,377.0,451.5,491.0,30.24,2126310,372847,5.7
6245.TWO,立端,2026-03-31,2026-04-17,2026-04-22,66.8,82.8,87.0,30.24,3006081,836872,3.59
6651.TWO,全宇昕,2026-03-30,2026-04-27,2026-04-28,86.0,103.0,112.0,30.23,609725,170671,3.57
2331.TW,精英,2025-12-24,2026-01-15,2026-01-19,23.0,28.95,29.95,30.22,56011935,9039848,6.2
2542.TW,興富發,2026-04-20,2026-04-29,2026-05-18,34.25,40.6,44.6,30.22,22021391,4232853,5.2
6282.TW,康舒,2025-09-18,2025-10-14,2025-10-21,29.95,36.1,39.0,30.22,40849643,10118928,4.04
2355.TW,敬鵬,2026-03-09,2026-03-27,2026-04-01,40.55,50.5,52.8,30.21,88696072,18198005,4.87
1516.TW,川飛,2025-09-18,2025-10-08,2025-10-21,14.9,18.0,19.4,30.2,594170,65664,9.05
2421.TW,建準,2025-10-01,2025-10-28,2025-11-03,127.5,147.0,166.0,30.2,12291940,4078968,3.01
6909.TW,創控,2025-12-05,2026-01-05,2026-01-06,36.1,43.2,47.0,30.19,683473,114266,5.98
3324.TWO,雙鴻,2025-08-22,2025-09-15,2025-09-18,689.0,829.0,897.0,30.19,15994078,4070118,3.93
7777.TWO,能率亞洲,2025-12-22,2025-12-29,2026-01-21,23.85,29.1,31.05,30.19,4409578,1248371,3.53
8048.TWO,德勝,2026-01-29,2026-02-26,2026-03-03,53.0,61.9,69.0,30.19,2631375,752887,3.5
2070.TWO,精湛,2026-03-20,2026-04-17,2026-04-21,39.25,45.65,51.1,30.19,612890,198072,3.09
2351.TW,順德,2026-01-08,2026-01-21,2026-01-28,73.9,86.0,96.2,30.18,8625649,772069,11.17
2485.TW,兆赫,2025-10-15,2025-11-11,2025-11-13,13.75,16.7,17.9,30.18,14266055,1557517,9.16
6243.TW,迅杰,2025-11-18,2025-12-12,2025-12-16,28.5,33.55,37.1,30.18,914603,142084,6.44
3178.TWO,公準,2025-12-01,2025-12-17,2025-12-30,48.4,57.8,63.0,30.17,142325,31813,4.47
3323.TWO,加百裕,2025-11-21,2025-12-01,2025-12-18,34.3,40.8,44.65,30.17,13788801,4116705,3.35
5228.TWO,鈺鎧,2025-09-17,2025-09-23,2025-09-24,15.25,18.55,19.85,30.16,478000,7600,62.89
4908.TWO,前鼎,2026-01-21,2026-02-24,2026-03-02,73.6,86.2,95.8,30.16,5087228,340954,14.92
6944.TW,兆聯實業,2025-08-13,2025-08-26,2025-08-26,472.5,615.0,615.0,30.16,2550291,694447,3.67
8084.TWO,巨虹,2025-11-18,2025-12-11,2025-12-15,49.4,58.5,64.3,30.16,457010,128855,3.55
6405.TW,悅城,2026-03-09,2026-04-07,2026-04-07,29.35,38.2,38.2,30.15,7391039,643646,11.48
5425.TWO,台半,2025-12-18,2026-01-13,2026-01-19,52.4,65.8,68.2,30.15,38435269,4897346,7.85
6505.TW,台塑化,2026-01-29,2026-03-04,2026-03-09,52.4,60.3,68.2,30.15,75437137,9990167,7.55
1727.TW,中華化,2025-11-04,2025-11-17,2025-11-25,34.0,40.3,44.25,30.15,15059732,3334909,4.52
2455.TW,全新,2025-12-18,2025-12-23,2026-01-16,131.0,153.0,170.5,30.15,14867477,3894345,3.82
6291.TWO,沛亨,2025-10-29,2025-11-13,2025-11-25,136.0,157.5,177.0,30.15,1266000,332607,3.81
3057.TW,喬鼎,2026-03-09,2026-03-20,2026-03-20,14.6,19.0,19.0,30.14,2188952,272990,8.02
4534.TWO,慶騰,2026-01-26,2026-02-26,2026-03-02,23.9,29.5,31.1,30.13,6735325,949249,7.1
3715.TW,定穎投控,2025-12-29,2026-01-12,2026-01-26,119.5,144.5,155.5,30.13,121300219,26423567,4.59
3388.TWO,崇越電,2026-03-16,2026-04-13,2026-04-15,63.1,73.7,82.1,30.11,896544,75213,11.92
6967.TWO,汎瑋材料,2026-04-02,2026-04-24,2026-04-27,62.1,76.0,80.8,30.11,766170,124358,6.16
2233.TW,宇隆,2025-12-15,2025-12-29,2026-01-13,186.0,219.0,242.0,30.11,2110030,552418,3.82
8034.TWO,榮群,2025-10-22,2025-11-20,2025-11-20,20.1,26.15,26.15,30.1,10085713,672501,15.0
5340.TWO,建榮,2026-03-23,2026-04-08,2026-04-17,103.0,120.0,134.0,30.1,15280537,4733970,3.23
6706.TW,惠特,2025-12-11,2025-12-24,2025-12-31,108.0,139.5,140.5,30.09,37976185,7747402,4.9
6419.TWO,京晨科,2026-02-05,2026-03-17,2026-03-17,70.8,92.1,92.1,30.08,1119083,142263,7.87
7795.TW,長廣,2025-12-17,2026-01-06,2026-01-16,224.5,273.0,292.0,30.07,871947,84012,10.38
3209.TW,全科,2026-03-30,2026-04-24,2026-04-24,41.9,54.5,54.5,30.07,13145118,3565341,3.69
6756.TW,威鋒電子,2026-04-02,2026-04-21,2026-05-05,70.5,82.2,91.7,30.07,557620,160499,3.47
1473.TW,台南,2025-09-23,2025-10-02,2025-10-21,24.95,29.35,32.45,30.06,2113029,101032,20.91
4130.TWO,健亞,2025-12-09,2026-01-05,2026-01-08,24.5,29.44,31.86,30.06,5675286,454420,12.49
6679.TWO,鈺太,2026-01-28,2026-02-26,2026-03-06,188.0,227.5,244.5,30.05,1427483,252195,5.66
6693.TWO,廣閎科,2026-03-04,2026-03-12,2026-03-27,81.9,101.0,106.5,30.04,3135000,351455,8.92
3152.TWO,璟德,2026-03-23,2026-04-07,2026-04-20,136.5,159.0,177.5,30.04,4324050,486700,8.88
4912.TW,聯德控股-KY,2025-12-26,2025-12-31,2026-01-05,81.9,96.7,106.5,30.04,1495240,209864,7.12
8028.TW,昇陽半導體,2025-08-18,2025-09-04,2025-09-09,141.5,172.5,184.0,30.04,65617662,11607536,5.65
8240.TWO,華宏,2025-12-09,2026-01-05,2026-01-08,32.8,38.7,42.65,30.03,1293193,159522,8.11
2301.TW,光寶科,2026-04-08,2026-05-06,2026-05-07,156.5,185.0,203.5,30.03,86367974,15479528,5.58
8088.TWO,品安,2025-09-24,2025-10-17,2025-10-20,37.8,46.9,49.15,30.03,57536039,16474946,3.49
2316.TW,楠梓電,2026-03-09,2026-03-17,2026-03-20,86.9,102.5,113.0,30.03,15182270,4931606,3.08
3530.TW,晶相光,2025-11-24,2025-12-03,2025-12-15,56.3,66.1,73.2,30.02,4050283,109983,36.83
6735.TWO,美達科技,2025-12-31,2026-01-20,2026-01-21,56.3,70.4,73.2,30.02,373000,33325,11.19
5443.TWO,均豪,2026-03-31,2026-04-09,2026-04-30,99.6,116.0,129.5,30.02,22265017,6075182,3.66
6672.TW,騰輝電子-KY,2026-02-11,2026-03-20,2026-03-20,94.6,123.0,123.0,30.02,10161663,2820778,3.6
6913.TWO,鴻呈,2025-08-13,2025-09-01,2025-09-05,120.0,142.0,156.0,30.0,5239685,315240,16.62
9960.TWO,邁達康,2026-03-30,2026-04-20,2026-04-29,24.0,27.7,31.2,30.0,147000,16059,9.15
2527.TW,宏璟,2026-03-13,2026-04-13,2026-04-14,29.0,36.3,37.7,30.0,3036053,442989,6.85
3551.TWO,世禾,2026-03-31,2026-04-14,2026-04-22,165.0,191.0,214.5,30.0,3624978,575021,6.3
2476.TW,鉅祥,2026-03-09,2026-04-08,2026-04-08,73.0,94.9,94.9,30.0,6533329,1188740,5.5
8147.TWO,正淩,2026-03-31,2026-04-10,2026-04-29,130.0,155.5,169.0,30.0,2314005,481180,4.81
3402.TWO,漢科,2025-08-20,2025-08-26,2025-09-03,115.0,136.0,149.5,30.0,3696423,1191450,3.1
